{
    "\u5e38\u7528\u8868\u8fbe": {
        "Link": "http://englishspeak.com/zh-cn/english-phrases?category_key=1",
        "0": "Be careful. \u5c0f\u5fc3\u3002",
        "3": "Be careful driving. \u5f00\u8f66\u5c0f\u5fc3\u4e00\u70b9",
        "6": "Can you translate this for me? \u4f60\u80fd\u5e2e\u6211\u7ffb\u8bd1\u4e00\u4e0b\u5417\uff1f",
        "9": "Chicago is very different from Boston. \u829d\u52a0\u54e5\u540c\u6ce2\u58eb\u987f\u6709\u5f88\u591a\u4e0d\u540c\u3002",
        "12": "Don't worry. \u522b\u62c5\u5fc3\uff01",
        "15": "Everyone knows it. \u5927\u5bb6\u90fd\u77e5\u9053\u3002",
        "18": "Everything is ready. \u4e00\u5207\u90fd\u51c6\u5907\u597d\u4e86\u3002",
        "21": "Excellent. \u592a\u68d2\u4e86\u3002",
        "24": "From time to time. \u6709\u65f6\u3002",
        "27": "Good idea. \u597d\u4e3b\u610f\uff01",
        "30": "He likes it very much. \u4ed6\u975e\u5e38\u559c\u6b22\u5b83\u3002",
        "33": "Help! \u6551\u547d\uff01",
        "36": "He's coming soon. \u4ed6\u5f88\u5feb\u5c31\u6765\u3002",
        "39": "He's right. \u4ed6\u662f\u5bf9\u7684\u3002",
        "42": "He's very annoying. \u4ed6\u5f88\u82e6\u607c\u3002",
        "45": "He's very famous. \u4ed6\u5f88\u6709\u540d\u3002",
        "48": "How are you? \u4f60\u597d\u5417\uff1f",
        "51": "How's work going? \u5de5\u4f5c\u8fdb\u5c55\u5f97\u5982\u4f55\uff1f",
        "54": "Hurry! \u5feb\u70b9!",
        "57": "I ate already. \u6211\u5df2\u7ecf\u5403\u4e86\u3002",
        "60": "I can't hear you. \u6211\u542c\u4e0d\u89c1\u3002",
        "63": "I'd like to go for a walk. \u6211\u60f3\u53bb\u6563\u6b65\u3002",
        "66": "I don't know how to use it. \u6211\u4e0d\u4f1a\u7528\u3002",
        "69": "I don't like him. \u6211\u4e0d\u559c\u6b22\u4ed6\u3002",
        "72": "I don't like it. \u6211\u4e0d\u559c\u6b22\u3002",
        "75": "I don't speak very well. \u6211\u8bf4\u5f97\u4e0d\u592a\u597d\u3002",
        "78": "I don't understand. \u6211\u4e0d\u660e\u767d\u3002",
        "81": "I don't want it. \u6211\u4e0d\u60f3\u8981\u3002",
        "84": "I don't want that. \u6211\u4e0d\u60f3\u8981\u90a3\u4e2a\u3002",
        "87": "I don't want to bother you. \u6211\u4e0d\u60f3\u9ebb\u70e6\u4f60\u3002",
        "90": "(adsbygoogle = window.adsbygoogle || []).push({});",
        "91": "I feel good. \u6211\u611f\u89c9\u5f88\u597d\u3002",
        "94": "If you need my help, please let me know. \u5982\u679c\u9700\u8981\u6211\u5e2e\u5fd9\u8bdd\uff0c\u8bf7\u5c3d\u7ba1\u8bb2\u3002",
        "97": "I get off of work at 6. \u6211\u4e0b\u5348 \u516d \u70b9\u4e0b\u73ed\u3002",
        "100": "I have a headache. \u6211\u5934\u75db\u3002",
        "103": "I hope you and your wife have a nice trip. \u795d\u4f60\u548c\u4f60\u7684\u59bb\u5b50\u65c5\u9014\u6109\u5feb\u3002",
        "106": "I know. \u6211\u77e5\u9053\u3002",
        "109": "I like her. \u6211\u559c\u6b22\u5979\u3002",
        "112": "I'll call you when I leave. \u6211\u79bb\u5f00\u65f6\u4f1a\u6253\u7535\u8bdd\u7ed9\u4f60\u3002",
        "115": "I'll come back later. \u6211\u7a0d\u540e\u5c31\u56de\u6765\u3002",
        "118": "I'll pay. \u6211\u6765\u4ed8\u94b1\u3002",
        "121": "I'll take it. \u6211\u8981\u5566\u3002\uff08\u5f53\u4f60\u4e70\u4e1c\u897f\u65f6\uff0c\u4f60\u51b3\u5b9a\u8981\u5566\uff0c\u8981\u4e70\u5355\uff0c\u5c31\u8bf4\u8fd9\u53e5\u8bdd\u3002\uff09",
        "124": "I'll take you to the bus stop. \u6211\u4f1a\u5e26\u4f60\u53bb\u516c\u5171\u6c7d\u8f66\u7ad9\u3002",
        "127": "I lost my watch. \u6211\u628a\u624b\u8868\u5f04\u4e22\u4e86\u3002",
        "130": "I love you. \u6211\u7231\u4f60\u3002",
        "133": "I'm an American. \u6211\u662f\u7f8e\u56fd\u4eba\u3002\uff08\u4e5f\u53ef\u4ee5\u7528I am American.)",
        "136": "I'm cleaning my room. \u6211\u5728\u6253\u626b\u623f\u95f4\u3002",
        "139": "I'm cold. \u6211\u5f88\u51b7\u3002",
        "142": "I'm coming to pick you up. \u6211\u73b0\u5728\u6765\u63a5\u4f60\u3002",
        "145": "I'm going to leave. \u6211\u51c6\u5907\u8d70\u5566\u3002",
        "148": "I'm good, and you? \u6211\u5f88\u597d\uff0c\u4f60\u5462\uff1f",
        "151": "I'm happy. \u6211\u5f88\u9ad8\u5174\u3002",
        "154": "I'm hungry. \u6211\u997f\u5566\u3002",
        "157": "I'm married. \u6211\u7ed3\u5a5a\u5566\u3002",
        "160": "I'm not busy. \u6211\u4e0d\u5fd9\u3002",
        "163": "I'm not married. \u6211\u6ca1\u7ed3\u5a5a\u3002",
        "166": "I'm not ready yet. \u6211\u8fd8\u6ca1\u51c6\u5907\u597d\u3002",
        "169": "I'm not sure. \u6211\u4e0d\u80fd\u80af\u5b9a\u3002",
        "172": "I'm sorry, we're sold out. \u5bf9\u4e0d\u8d77\uff0c\u6211\u4eec\u5356\u5b8c\u5566\u3002",
        "175": "I'm thirsty. \u6211\u53e3\u6e34\u4e86\u3002",
        "178": "I'm very busy. I don't have time now. \u6211\u5f88\u5fd9\u3002 \u6211\u73b0\u5728\u4e00\u70b9\u7a7a\u4e5f\u6ca1\u6709\u3002",
        "181": "(adsbygoogle = window.adsbygoogle || []).push({});",
        "182": "I need to change clothes. \u6211\u9700\u8981\u6362\u8863\u670d\u3002",
        "185": "I need to go home. \u6211\u8981\u56de\u5bb6\u3002",
        "188": "I only want a snack. \u6211\u53ea\u60f3\u5403\u70b9\u96f6\u98df\u3002",
        "191": "Is Mr. Smith an American? \u53f2\u5bc6\u65af\u5148\u751f\u662f\u7f8e\u56fd\u4eba\u5417\uff1f",
        "194": "Is that enough? \u591f\u4e0d\u591f\uff1f",
        "197": "I think it's very good. \u6211\u8ba4\u4e3a\u8fd9\u6837\u5f88\u597d\u3002",
        "200": "I think it tastes good. \u6211\u60f3\u5b83\u7684\u5473\u9053\u4e0d\u9519\u3002",
        "203": "I thought the clothes were cheaper. \u6211\u8fd8\u4ee5\u4e3a\u8fd9\u4e9b\u8863\u670d\u6bd4\u8f83\u4fbf\u5b9c\u3002",
        "206": "It's longer than 2 miles. \u6709\u4e24\u82f1\u91cc\u591a\u3002",
        "209": "I've been here for two days. \u6211\u5230\u8fd9\u91cc\u5df2\u7ecf\u4e24\u5929\u4e86\u3002",
        "212": "I've heard Texas is a beautiful place. \u6211\u542c\u8bf4\u5fb7\u514b\u8428\u65af\u5dde\u662f\u4e2a\u7f8e\u4e3d\u7684\u5730\u65b9\u3002",
        "215": "I've never seen that before. \u6211\u4ee5\u524d\u4ece\u6765\u6ca1\u89c1\u8fc7\u90a3\u6837\u7684\u4e1c\u897f\u3002",
        "218": "I was about to leave the restaurant when my friends arrived. \u6211\u670b\u53cb\u6765\u7684\u65f6\u5019\uff0c\u6211\u6b63\u6253\u7b97\u79bb\u5f00\u9910\u9986\u3002",
        "221": "Just a little. \u53ea\u6709\u4e00\u70b9\u70b9\u3002",
        "224": "Just a moment. \u8bf7\u7a0d\u7b49\u4e00\u4f1a\u513f\u3002",
        "227": "Let me check. \u8ba9\u6211\u67e5\u4e00\u4e0b\u3002",
        "230": "Let me think about it. \u8ba9\u6211\u8003\u8651\u8003\u8651\u3002",
        "233": "Let's go have a look. \u8ba9\u6211\u4eec\u53bb\u770b\u770b\u3002",
        "236": "Let's practice English. \u8ba9\u6211\u4eec\u6765\u7ec3\u4e60\u8bf4\u82f1\u8bed\u3002",
        "239": "May I speak to Mrs. Smith please? \u8bf7\u627e\u53f2\u5bc6\u65af\u5c0f\u59d0\u3002",
        "242": "More than that. \u6bd4\u90a3\u8fd8\u591a\u3002",
        "245": "Never mind. \u6ca1\u5173\u7cfb\u3002",
        "248": "Next time. \u4e0b\u4e00\u6b21\u3002",
        "251": "No. \u4e0d\u3002",
        "254": "Nonsense. \u80e1\u8bf4\uff08\u5e9f\u8bdd\uff09",
        "257": "No, thank you. \u4e0d\u7528\uff0c\u8c22\u8c22\uff01",
        "260": "Nothing else. \u6ca1\u6709\u5176\u5b83\u7684\u4e86\u3002",
        "263": "Not recently. \u6700\u8fd1\u6ca1\u6709\u3002",
        "266": "Not yet. \u8fd8\u6ca1\u6709\u3002",
        "269": "Of course. \u5f53\u7136\u3002",
        "272": "(adsbygoogle = window.adsbygoogle || []).push({});",
        "273": "Okay. \u884c\u3002",
        "276": "Please fill out this form. \u8bf7\u586b\u5199\u8fd9\u5f20\u8868\u683c\u3002",
        "279": "Please take me to this address. \u8bf7\u5e26\u6211\u53bb\u8fd9\u4e2a\u5730\u5740\u3002",
        "282": "Please write it down. \u8bf7\u5199\u4e0b\u6765\u3002",
        "285": "Really? \u771f\u7684\u5417\uff1f",
        "288": "Right here. \u5c31\u5728\u8fd9\u513f\u3002",
        "291": "Right there. \u5c31\u5728\u90a3\u513f\u3002",
        "294": "See you later. \u56de\u5934\u89c1\u3002",
        "297": "See you tomorrow. \u660e\u5929\u89c1\u3002",
        "300": "See you tonight. \u4eca\u665a\u89c1\u3002",
        "303": "She's pretty. \u5979\u5f88\u6f02\u4eae\u3002",
        "306": "Sorry to bother you. \u5f88\u62b1\u6b49\u6253\u6270\u4f60\u4e86\u3002",
        "309": "Stop! \u505c\uff01",
        "312": "Take a chance. \u78b0\u78b0\u8fd0\u6c14\u3002",
        "315": "Take it outside. \u62ff\u5230\u5916\u9762\u53bb\u3002",
        "318": "Tell me. \u544a\u8bc9\u6211\u3002",
        "321": "Thanks for everything. \u8c22\u8c22\u4f60\u505a\u7684\u4e00\u5207\u3002",
        "324": "Thanks for your help. \u8c22\u8c22\u4f60\u7684\u5e2e\u52a9\u3002",
        "327": "Thank you. \u8c22\u8c22\uff01",
        "330": "Thank you miss. \u8c22\u8c22\uff0c\u5c0f\u59d0\u3002",
        "333": "Thank you sir. \u8c22\u8c22\uff0c\u5148\u751f\u3002",
        "336": "Thank you very much. \u975e\u5e38\u611f\u8c22\uff01",
        "339": "That looks great. \u90a3\u4e2a\u770b\u8d77\u6765\u975e\u5e38\u68d2.",
        "342": "That's alright. \u597d\u5427\u3002",
        "345": "That's enough. \u591f\u4e86\u3002",
        "348": "That's fine. \u5c31\u8fd9\u6837\u5427\u3002",
        "351": "That's it. \u5c31\u662f\u8fd9\u4e2a\u3002",
        "354": "That smells bad. \u90a3\u4e2a\u5473\u9053\u4e0d\u597d\u3002",
        "357": "That's not fair. \u90a3\u6837\u4e0d\u516c\u5e73\u3002",
        "360": "That's not right. \u4e0d\u5bf9\u3002",
        "363": "(adsbygoogle = window.adsbygoogle || []).push({});",
        "364": "That's right. \u8fd9\u5c31\u5bf9\u5566\u3002",
        "367": "That's too bad. \u592a\u7cdf\u7cd5\u5566\u3002",
        "370": "That's too many. \u592a\u591a\u5566\u3002",
        "373": "That's too much. \u592a\u591a\u5566\u3002",
        "376": "The book is under the table. \u4e66\u5728\u684c\u5b50\u4e0b\u9762\u3002",
        "379": "They'll be right back. \u4ed6\u4eec\u5f88\u5feb\u4f1a\u56de\u6765\u7684\u3002",
        "382": "They're the same. \u5b83\u4eec\u662f\u4e00\u6837\u7684\u3002",
        "385": "They're very busy. \u4ed6\u4eec\u5f88\u5fd9\u3002",
        "388": "This doesn't work. \u8fd9\u4e2a\u574f\u4e86\u3002",
        "391": "This is very difficult. \u8fd9\u4e2a\u5f88\u96be\u3002",
        "394": "This is very important. \u8fd9\u4e2a\u5f88\u91cd\u8981\u3002",
        "397": "Try it. \u8bd5\u4e00\u8bd5\u3002",
        "400": "Very good, thanks. \u5f88\u597d\uff0c\u8c22\u8c22\uff01",
        "403": "We like it very much. \u6211\u4eec\u5f88\u559c\u6b22\u3002",
        "406": "Would you take a message please? \u8bf7\u7559\u4e2a\u53e3\u4fe1\uff0c\u597d\u5417\uff1f",
        "409": "Yes, really. \u662f\uff0c\u662f\u771f\u7684\u3002",
        "412": "You're beautiful. \u4f60\u771f\u6f02\u4eae\u3002",
        "415": "You're very nice. \u4f60\u771f\u662f\u4e2a\u597d\u4eba\u3002",
        "418": "You're very smart. \u4f60\u771f\u806a\u660e\u3002",
        "421": "Your things are all here. \u4f60\u7684\u4e1c\u897f\u90fd\u5728\u8fd9\u91cc\u3002"
    },
    "\u95ee\u5019": {
        "Link": "http://englishspeak.com/zh-cn/english-phrases?category_key=2",
        "0": "Certainly! \u5f53\u7136\uff01",
        "3": "Good afternoon. \u4e0b\u5348\u597d\uff01",
        "6": "Good evening sir. \u5148\u751f\uff0c\u665a\u4e0a\u597d\uff01",
        "9": "Good Luck. \u795d\u4f60\u597d\u8fd0\uff01",
        "12": "Good morning. \u65e9\u4e0a\u597d\uff01",
        "15": "Great. \u592a\u597d\u5566\uff01",
        "18": "Happy Birthday. \u751f\u65e5\u5feb\u4e50\uff01",
        "21": "Have a good trip. \u795d\u4f60\u65c5\u9014\u6109\u5feb\uff01",
        "24": "Hello. \u4f60\u597d\uff01",
        "27": "Nice to meet you \u89c1\u5230\u4f60\u5f88\u9ad8\u5174\u3002",
        "30": "Please call me. \u8bf7\u6253\u7535\u8bdd\u7ed9\u6211\u3002"
    },
    "\u65c5\u6e38\uff0c\u65b9\u5411\u6307\u5357": {
        "Link": "http://englishspeak.com/zh-cn/english-phrases?category_key=3",
        "0": "About 300 kilometers. \u5927\u7ea6\u4e09\u767e\u516c\u91cc\u3002",
        "3": "A one way ticket. \u4e00\u5f20\u5355\u7a0b\u7968\u3002",
        "6": "Are you going to help her? \u4f60\u6253\u7b97\u5e2e\u5979\u5417\uff1f",
        "9": "A round trip ticket. \u4e00\u5f20\u4f4f\u8fd4\u7968\u3002",
        "12": "At what time? \u51e0\u70b9\uff1f",
        "15": "Can I make an appointment for next Wednesday? \u4e0b\u661f\u671f\u4e09\u89c1\u9762\u600e\u4e48\u6837\uff1f",
        "18": "Can you repeat that please? \u8bf7\u91cd\u590d\u4e00\u4e0b\uff0c\u597d\u5417\uff1f",
        "21": "Does this road go to New York? \u8fd9\u6761\u8def\u662f\u53bb\u7ebd\u7ea6\u7684\u5417\uff1f",
        "24": "Do you have enough money? \u4f60\u5e26\u591f\u94b1\u4e86\u5417\uff1f",
        "27": "Do you know how to cook? \u4f60\u4f1a\u505a\u996d\u5417\uff1f",
        "30": "Do you know what this says? \u4f60\u77e5\u9053\u8fd9\u4e2a\u8bf4\u7684\u662f\u4ec0\u4e48\u5417\uff1f",
        "33": "Do you want me to come and pick you up? \u4f60\u9700\u8981\u6211\u6765\u63a5\u4f60\u5417\uff1f",
        "36": "Follow me. \u8bf7\u8ddf\u6211\u6765\u3002",
        "39": "From here to there. \u4ece\u8fd9\u91cc\u5230\u90a3\u91cc\u3002",
        "42": "Go straight ahead. \u4e00\u76f4\u5411\u524d\u8d70\u3002",
        "45": "Have you arrived? \u4f60\u5df2\u7ecf\u5230\u4e86\u5417\uff1f",
        "48": "Have you been to Boston? \u4f60\u53bb\u8fc7\u6ce2\u58eb\u987f\u5417\uff1f",
        "51": "How do I get there? \u6211\u600e\u4e48\u5230\u90a3\u513f\uff1f",
        "54": "How do I get to Daniel Street? \u53bb\u4e39\u5c3c\u5c14\u5927\u8857\u600e\u4e48\u8d70\uff1f",
        "57": "How do I get to the American Embassy? \u53bb\u7f8e\u56fd\u5927\u4f7f\u9986\u600e\u4e48\u8d70\uff1f",
        "60": "How long does it take by car? \u5f00\u8f66\u8fc7\u53bb\u8981\u591a\u957f\u65f6\u95f4\uff1f",
        "63": "How long does it take to get to Georgia? \u5230\u4e54\u6cbb\u4e9a\u5dde\u8981\u591a\u957f\u65f6\u95f4\uff1f",
        "66": "How long is the flight? \u9700\u8981\u98de\u591a\u957f\u65f6\u95f4\uff1f",
        "69": "How was the movie? \u8fd9\u90e8\u7535\u5f71\u600e\u4e48\u6837\uff1f",
        "72": "I'd like to make a phone call. \u6211\u60f3\u6253\u7535\u8bdd\u3002",
        "75": "I'd like to make a reservation. \u6211\u60f3\u9884\u8ba2\u3002",
        "78": "I have a question I want to ask you./ I want to ask you a question. \u6211\u6709\u4e00\u4e2a\u95ee\u9898\u60f3\u95ee\u4f60\u3002",
        "81": "I'll take that one also. \u6211\u4e5f\u60f3\u8981\u90a3\u4e2a\u3002",
        "84": "I'm coming right now. \u6211\u9a6c\u4e0a\u5c31\u6765\u3002",
        "87": "I'm going home in four days. \u6211\u51c6\u5907\u5728\u56db\u5929\u5185\u56de\u5bb6\u3002",
        "90": "(adsbygoogle = window.adsbygoogle || []).push({});",
        "91": "I'm leaving Tomorrow. \u6211\u51c6\u5907\u660e\u5929\u8d70\u3002",
        "94": "I'm looking for the post office. \u6211\u6b63\u5728\u627e\u4e2a\u90ae\u5c40\u3002",
        "97": "Is this pen yours? \u8fd9\u53bb\u94a2\u7b14\u662f\u4f60\u7684\u5417\uff1f",
        "100": "I wish I had one. \u6211\u5e0c\u671b\u81ea\u5df1\u4e5f\u6709\u4e00\u4e2a\u3002",
        "103": "One ticket to New York please. \u8bf7\u7ed9\u6211\u4e00\u5f20\u53bb\u7ebd\u7ea6\u7684\u7968\u3002",
        "106": "One way or round trip? \u5355\u7a0b\u8fd8\u662f\u5f80\u8fd4\uff1f",
        "109": "Please speak slower. \u8bf7\u6162\u70b9\u8bf4\u3002",
        "112": "Please take me to the airport. \u8bf7\u5e26\u6211\u53bb\u673a\u573a\u3002",
        "115": "That way. \u90a3\u8fb9\u3002",
        "118": "The plane departs at 5:30P. \u98de\u673a\u5728\u4e0b\u5348\u4e94\u70b9\u534a\u8d77\u98de\u3002",
        "121": "They arrived yesterday. \u4ed6\u4eec\u662f\u6628\u5929\u5230\u7684\u3002",
        "124": "Turn around. \u6389\u5934\u3002",
        "127": "Turn left. \u5411\u5de6\u8f6c\u3002",
        "130": "Turn right. \u5411\u53f3\u8f6c\u3002",
        "133": "What time are you going to the bus station? \u4f60\u4eec\u51c6\u5907\u51e0\u70b9\u53bb\u516c\u5171\u6c7d\u8f66\u7ad9\uff1f",
        "136": "When did this happen? \u4ec0\u4e48\u65f6\u5019\u53d1\u751f\u7684\uff1f",
        "139": "When did you arrive in Boston? \u4f60\u4ec0\u4e48\u65f6\u5019\u5230\u6ce2\u58eb\u987f\u7684\uff1f",
        "142": "When does he arrive? \u4ed6\u4ec0\u4e48\u65f6\u5019\u5230\uff1f",
        "145": "When does it arrive? \u4ec0\u4e48\u65f6\u5019\u5230\u8fbe\uff1f",
        "148": "When does the bank open? \u94f6\u884c\u4ec0\u4e48\u65f6\u5019\u5f00\u95e8\uff1f",
        "151": "When does the bus leave? \u516c\u4ea4\u8f66\u4ec0\u4e48\u65f6\u5019\u5f00\uff1f",
        "154": "When do we arrive? \u6211\u4eec\u4ec0\u4e48\u65f6\u5019\u5230\u8fbe\uff1f",
        "157": "When do we leave? \u6211\u4eec\u4ec0\u4e48\u65f6\u5019\u79bb\u5f00\uff1f",
        "160": "Where can I mail this? \u54ea\u513f\u53ef\u4ee5\u90ae\u5bc4\u8fd9\u4e2a\uff1f",
        "163": "Where is she from? \u5979\u662f\u54ea\u91cc\u4eba\uff1f",
        "166": "Where is the bathroom? \u6d17\u624b\u95f4\u5728\u54ea\u91cc\uff1f",
        "169": "Why not? \u4e3a\u4ec0\u4e48\u4e0d\u5462\uff1f",
        "172": "Will you remind me? \u8bf7\u63d0\u9192\u6211\uff0c\u597d\u5417\uff1f"
    },
    "\u6570\u5b57\u548c\u91d1\u94b1": {
        "Link": "http://englishspeak.com/zh-cn/english-phrases?category_key=4",
        "0": "11 dollars. 11 \u5757\u94b1\u3002",
        "3": "52 cents. 52\u5206\u3002",
        "6": "A few. \u4e00\u4e9b\u3002",
        "9": "A little. \u4e00\u70b9\u3002",
        "12": "Call the police. \u6253\u7535\u8bdd\u62a5\u8b66\u3002",
        "15": "Did your wife like California? \u4f60\u59bb\u5b50\u559c\u6b22\u52a0\u5229\u798f\u5c3c\u4e9a\u5417\uff1f",
        "18": "Do you have any coffee? \u4f60\u6709\u5496\u5561\u5417\uff1f",
        "21": "Do you have anything cheaper? \u4f60\u4eec\u6709\u4fbf\u5b9c\u4e00\u70b9\u7684\u4e1c\u897f\u5417\uff1f",
        "24": "Do you take credit cards? \u4f60\u4eec\u6536\u4fe1\u7528\u5361\u5417\uff1f",
        "27": "How are you paying? \u4f60\u6253\u7b97\u600e\u4e48\u4ed8\u6b3e\uff1f",
        "30": "How many people are there in New York? \u7ebd\u7ea6\u6709\u591a\u5c11\u4eba\u53e3\uff1f",
        "33": "How much are these earrings? \u8fd9\u4e9b\u8033\u73af\u591a\u5c11\u94b1\uff1f",
        "36": "How much does it cost per day? \u6bcf\u5929\u591a\u5c11\u94b1\uff1f",
        "39": "How much does this cost? \u8fd9\u4e2a\u591a\u5c11\u94b1\uff1f",
        "42": "How much do I owe you? \u6211\u5e94\u8be5\u7ed9\u4f60\u591a\u5c11\u94b1\uff1f",
        "45": "How much is it to go to Miami? \u53bb\u8fc8\u963f\u5bc6\u662f\u591a\u5c11\u94b1\uff1f",
        "48": "How much money do you make? \u4f60\u8d5a\u591a\u5c11\u94b1\uff1f",
        "51": "I'd like to eat at 5th street restaurant. \u6211\u60f3\u5230\u7b2c\u4e94\u8857\u7684\u4e00\u5bb6\u9910\u9986\u5403\u996d\u3002",
        "54": "I don't have a girlfriend. \u6211\u6ca1\u6709\u5973\u670b\u53cb\u3002",
        "57": "I don't have any money. \u6211\u6ca1\u6709\u94b1\u4e86\u3002",
        "60": "I have a reservation. \u6211\u9884\u8ba2\u4e86\u3002",
        "63": "I'll have the same thing. \u8bf7\u7ed9\u6211\u540c\u6837\u7684\u4e1c\u897f\u3002",
        "66": "I'll pay for dinner. \u665a\u9910\u6211\u8bf7\u5ba2\u3002",
        "69": "I'll pay for the tickets. \u6211\u6765\u4e70\u7968\u3002",
        "72": "I'm 26 years old. \u6211 \u4e8c\u5341\u516d \u5c81\u3002",
        "75": "I need to practice my English. \u6211\u9700\u8981\u7ec3\u4e60\u8bf4\u82f1\u8bed\u3002",
        "78": "Isn't it? \u4e0d\u662f\u5417\uff1f",
        "81": "Is that ok? \u8fd9\u6837\u53ef\u4ee5\u4e86\u5417\uff1f",
        "84": "Is there any mail for me? \u6709\u6211\u7684\u90ae\u4ef6\u5417\uff1f",
        "87": "It's 11:30pm. \u73b0\u5728\u662f\u591c\u91cc\u5341\u4e00\u70b9\u534a\u3002",
        "90": "(adsbygoogle = window.adsbygoogle || []).push({});",
        "91": "It's is a quarter past nine. \u73b0\u5728\u662f\u4e5d\u70b9\u5341\u4e94\u5206\u3002",
        "94": "Please come in. \u8bf7\u8fdb\u6765\u3002",
        "97": "Sorry, we don't accept credit cards. \u5bf9\u4e0d\u8d77\uff0c\u6211\u4eec\u4e0d\u6536\u4fe1\u7528\u5361\u3002",
        "100": "Sorry, we only accept Cash. \u5bf9\u4e0d\u8d77\uff0c\u6211\u4eec\u53ea\u6536\u4eba\u6c11\u5e01\u3002",
        "103": "That restaurant is not expensive. \u90a3\u5bb6\u9910\u9986\u4e0d\u662f\u5f88\u8d35\u3002",
        "106": "That's too expensive. \u592a\u8d35\u5566\u3002",
        "109": "There are many people here. \u8fd9\u91cc\u6709\u5f88\u591a\u4eba\u3002",
        "112": "They charge 26 dollars per day. \u4ed6\u4eec\u6bcf\u5929\u6536\u8d39\u4e8c\u5341\u516d\u5143\u3002",
        "115": "What's the exchange rate for dollars? \u7f8e\u5143\u7684\u6c47\u7387\u662f\u591a\u5c11\uff1f",
        "118": "What's the phone number? \u4f60\u7684\u7535\u8bdd\u53f7\u7801\u662f\u591a\u5c11\uff1f",
        "121": "Where can I buy tickets? \u5728\u54ea\u513f\u53ef\u4ee5\u4e70\u5230\u7968\uff1f",
        "124": "Where would you like to meet? \u4f60\u60f3\u5728\u54ea\u91cc\u89c1\u9762\uff1f",
        "127": "Which one is better? \u54ea\u4e2a\u66f4\u597d\uff1f"
    },
    "\u65b9\u4f4d": {
        "Link": "http://englishspeak.com/zh-cn/english-phrases?category_key=5",
        "0": "Across from the post office. \u5728\u90ae\u5c40\u5bf9\u9762\u3002",
        "3": "At 3 o'clock. \u5728\u4e09 \u70b9\u949f\u3002",
        "6": "Be quiet. \u8bf7\u5b89\u9759\u3002",
        "9": "Can you recommend a good restaurant? \u4f60\u80fd\u63a8\u8350\u4e00\u4e2a\u597d\u7684\u9910\u9986\u5417\uff1f",
        "12": "Here it is. \u5b83\u5728\u8fd9\u513f\u3002",
        "15": "Here you are. \u7ed9\u4f60\u3002",
        "18": "He's in the kitchen. \u4ed6\u5728\u53a8\u623f\u91cc\u3002",
        "21": "He studies at Boston University. \u4ed6\u5c31\u8bfb\u4e8e\u6ce2\u58eb\u987f\u5927\u5b66\u3002",
        "24": "How far is it? \u591a\u8fdc\uff1f",
        "27": "How far is it to Chicago? \u53bb\u829d\u52a0\u54e5\u6709\u591a\u8fdc\uff1f",
        "30": "How many miles is it to Pennsylvania? \u5230\u5bbe\u5c3c\u6cd5\u5c3c\u4e9a\u5dde\u6709\u591a\u5c11\u82f1\u91cc\uff1f",
        "33": "I'd like a single room. \u8bf7\u7ed9\u6211\u4e00\u95f4\u5355\u4eba\u623f\u3002",
        "36": "I like to watch TV. \u6211\u559c\u6b22\u770b\u7535\u89c6\u3002",
        "39": "It's delicious! \u5473\u9053\u771f\u597d\uff01",
        "42": "It's half past 11. \u73b0\u5728\u662f\u5341\u4e00\u70b9\u534a\u3002",
        "45": "It's less than 5 dollars. \u4e0d\u5230\u4e94\u7f8e\u5143\u3002",
        "48": "It's more than 5 dollars. \u4e94\u7f8e\u5143\u591a\u3002",
        "51": "It's near the Supermarket. \u5728\u8d85\u5e02\u9644\u8fd1\u3002",
        "54": "it's not suppose to rain today. \u4eca\u5929\u4e0d\u4f1a\u4e0b\u96e8\u3002",
        "57": "It's ok. \u6ca1\u4e8b\u513f\u3002",
        "60": "It's on 7th street. \u5728\u7b2c\u4e03\u8857\u3002",
        "63": "It's really hot. \u771f\u70ed\u3002",
        "66": "It's suppose to rain tomorrow. \u660e\u5929\u6709\u96e8\u3002",
        "69": "I was going to the library. \u6211\u5f53\u65f6\u6b63\u51c6\u5907\u53bb\u56fe\u4e66\u9986\u3002",
        "72": "I was in the library. \u6211\u5f53\u65f6\u5728\u56fe\u4e66\u9986\u3002",
        "75": "Let's go. \u8d70\u5427\u3002",
        "78": "Maybe. \u53ef\u80fd\u5427\u3002",
        "81": "More than 200 miles. \u4e24\u767e\u591a\u82f1\u91cc\u3002",
        "84": "My house is close to the bank. \u6211\u5bb6\u79bb\u94f6\u884c\u5f88\u8fd1\u3002",
        "87": "Near the bank. \u5728\u94f6\u884c\u9644\u8fd1\u3002",
        "90": "(adsbygoogle = window.adsbygoogle || []).push({});",
        "91": "On the left. \u5728\u5de6\u8fb9\u3002",
        "94": "On the right. \u5728\u53f3\u8fb9\u3002",
        "97": "On the second floor. \u5728\u4e8c\u697c\u3002",
        "100": "Outside the hotel. \u5728\u9152\u5e97\u5916\u9762\u3002",
        "103": "Over here. \u5728\u8fd9\u91cc\u3002",
        "106": "Over there. \u5728\u90a3\u91cc\u3002",
        "109": "The book is behind the table. \u4e66\u5728\u684c\u5b50\u540e\u9762\u3002",
        "112": "The book is in front of the table. \u4e66\u5728\u684c\u5b50\u524d\u9762\u3002",
        "115": "The book is near the table. \u4e66\u79bb\u684c\u5b50\u5f88\u8fd1\u3002",
        "118": "The book is next to the table. \u4e66\u5728\u684c\u5b50\u65c1\u8fb9\u3002",
        "121": "The book is on top of the table. \u4e66\u5728\u684c\u5b50\u6700\u4e0a\u9762\u3002",
        "124": "There are some books on the table. \u684c\u5b50\u4e0a\u6709\u4e00\u4e9b\u4e66\u3002",
        "127": "There's a book under the table. \u684c\u5b50\u4e0b\u9762\u6709\u4e00\u672c\u4e66\u3002",
        "130": "We're from California. \u6211\u4eec\u6765\u81ea\u52a0\u5229\u798f\u5c3c\u4e9a\u3002",
        "133": "What's the address? \u5730\u5740\u662f\u4ec0\u4e48\uff1f",
        "136": "Where are you going? \u4f60\u53bb\u54ea\u91cc\uff1f",
        "139": "Where is it? \u5b83\u5728\u54ea\u91cc\uff1f",
        "142": "Where would you like to go? \u4f60\u60f3\u53bb\u54ea\u91cc\uff1f",
        "145": "Who won? \u8c01\u8d62\u4e86\uff1f"
    },
    "\u7535\u8bdd\uff0f\u7f51\u7edc\uff0f\u90ae\u4ef6": {
        "Link": "http://englishspeak.com/zh-cn/english-phrases?category_key=6",
        "0": "Can I see your passport please? \u6211\u80fd\u770b\u770b\u4f60\u7684\u62a4\u7167\u5417\uff1f",
        "3": "Can I take a message? \u6211\u80fd\u7559\u4e2a\u53e3\u4fe1\u5417\uff1f",
        "6": "Can I try it on? \u6211\u80fd\u8bd5\u4e00\u4e0b\u5417\uff1f",
        "9": "Can we sit over there? \u6211\u4eec\u80fd\u5750\u8fc7\u53bb\u5417\uff1f",
        "12": "Did you come with your family? \u4f60\u662f\u540c\u4f60\u5bb6\u4eba\u4e00\u8d77\u53bb\u7684\u5417\uff1f",
        "15": "Do you think it's possible? \u4f60\u8ba4\u4e3a\u53ef\u80fd\u5417\uff1f",
        "18": "Here's my number. \u8fd9\u662f\u6211\u7684\u7535\u8bdd\u53f7\u7801\u3002",
        "21": "He's not in right now. \u4ed6\u73b0\u5728\u4e0d\u5728\u3002",
        "24": "Hi, is Mrs. Smith there, please? \u4f60\u597d\uff01\u8bf7\u95ee\u53f2\u5bc6\u65af\u592a\u592a\u5728\u5417\uff1f",
        "27": "I'd like some water too, please. \u6211\u4e5f\u60f3\u8981\u4e00\u4e9b\u6c34\u3002",
        "30": "I'd like to buy a bottle of water, please. \u8bf7\u7ed9\u6211\u4e00\u74f6\u6c34\u3002",
        "33": "I'd like to buy something. \u6211\u60f3\u4e70\u70b9\u4e1c\u897f\u3002",
        "36": "I'd like to go to the store. \u6211\u60f3\u901b\u5546\u5e97\u3002",
        "39": "I'd like to rent a car. \u6211\u60f3\u79df\u4e00\u8f86\u8f66\u3002",
        "42": "I'd like to send a fax. \u6211\u60f3\u53d1\u4e00\u4efd\u4f20\u771f\u3002",
        "45": "I'd like to send this to America. \u6211\u60f3\u628a\u8fd9\u4e2a\u5bc4\u5230\u7f8e\u56fd\u3002",
        "48": "I'd like to speak to Mr. Smith please. \u8bf7\u627e\u53f2\u5bc6\u65af\u5148\u751f\u3002",
        "51": "I have three children, two girls and one boy. \u6211\u6709\u4e09\u4e2a\u5b69\u5b50\uff0c\u4e24\u4e2a\u5973\u5b69\uff0c\u4e00\u4e2a\u7537\u5b69\u3002",
        "54": "I'll be right back. \u6211\u9a6c\u4e0a\u5c31\u56de\u6765.",
        "57": "I'll call back later. \u6211\u56de\u5934\u518d\u6253\u3002",
        "60": "I'll call you on Friday. \u6211\u661f\u671f\u4e94\u6253\u7535\u8bdd\u7ed9\u4f60\u3002",
        "63": "I'll teach you. \u6211\u4f1a\u6559\u4f60\u3002",
        "66": "I'm ok. \u6211\u8fd8\u9a6c\u9a6c\u864e\u864e\u3002",
        "69": "I need some tissues. \u6211\u9700\u8981\u4e00\u4e9b\u7eb8\u5dfe\u3002",
        "72": "Is there an English speaking guide? \u6709\u82f1\u8bed\u5bfc\u6e38\u5417\uff1f",
        "75": "I want to give you a gift. \u6211\u60f3\u7ed9\u4f60\u4e00\u4efd\u793c\u7269\u3002",
        "78": "Male or female? \u7537\u7684\u8fd8\u662f\u5973\u7684\uff1f",
        "81": "My cell phone doesn't have good reception. \u6211\u7684\u624b\u673a\u6ca1\u4fe1\u53f7\u3002",
        "84": "My cell phone doesn't work. \u6211\u7684\u624b\u673a\u574f\u4e86\u3002",
        "87": "Please take off your shoes. \u8bf7\u8131\u978b\u3002",
        "90": "(adsbygoogle = window.adsbygoogle || []).push({});",
        "91": "Sorry, I think I have the wrong number. \u5bf9\u4e0d\u8d77\uff0c\u6211\u62e8\u9519\u53f7\u7801\u4e86\u3002",
        "94": "What is the area code? \u533a\u53f7\u662f\u4ec0\u4e48\uff1f",
        "97": "What's the name of the company you work for? \u4f60\u4eec\u516c\u53f8\u662f\u4ec0\u4e48\u540d\u5b57\uff1f",
        "100": "What's wrong? \u51fa\u4ec0\u4e48\u4e8b\u513f\u5566\uff1f",
        "103": "What's your address? \u4f60\u7684\u5730\u5740\u662f\u4ec0\u4e48\uff1f",
        "106": "Where can I find a hospital? \u54ea\u513f\u53ef\u4ee5\u627e\u5230\u533b\u9662\uff1f",
        "109": "Where's the closest restaurant? \u6700\u8fd1\u7684\u9910\u9986\u5728\u54ea\u91cc\uff1f",
        "112": "Where's the pharmacy? \u836f\u5e97\u5728\u54ea\u91cc\uff1f",
        "115": "Who are you? \u4f60\u662f\u8c01\uff1f",
        "118": "Who is that? \u90a3\u662f\u8c01\uff1f",
        "121": "Who would you like to speak to? \u4f60\u60f3\u8ddf\u8c01\u8bf4\u8bdd\uff1f",
        "124": "Will you take me home? \u8bf7\u5e26\u6211\u56de\u5bb6\uff0c\u597d\u5417\uff1f",
        "127": "Would you like water or milk? \u4f60\u60f3\u559d\u6c34\u8fd8\u662f\u559d\u725b\u5976\uff1f"
    },
    "\u65f6\u95f4\u548c\u65e5\u671f": {
        "Link": "http://englishspeak.com/zh-cn/english-phrases?category_key=7",
        "0": "11 days ago. 11\u5929\u524d\u3002",
        "3": "2 hours. 2\u4e2a\u5c0f\u65f6\u3002",
        "6": "All day. \u4e00\u6574\u5929\u3002",
        "9": "A long time ago. \u5f88\u4e45\u4ee5\u524d\u3002",
        "12": "Are they coming this evening? \u4ed6\u4eec\u4eca\u665a\u4f1a\u6765\u5417\uff1f",
        "15": "Are you comfortable? \u4f60\u611f\u89c9\u8212\u670d\u5417\uff1f",
        "18": "Are your children with you? \u4f60\u5c0f\u5b69\u540c\u4f60\u4e00\u8d77\u6765\u7684\u5417\uff1f",
        "21": "As soon as possible. \u5c3d\u5feb\u3002",
        "24": "At 3 o'clock in the afternoon. \u5728\u4e0b\u5348 \u4e09 \u70b9\u949f\u3002",
        "27": "At 5th street. \u5728\u7b2c\u4e94\u5927\u8857\u3002",
        "30": "At 7 o'clock at night. (evening)? \u5728\u665a\u4e0a\u4e03 \u70b9\u949f\u3002(\u665a\u4e0a\u4e03\u70b9\u949f\u53ef\u4ee5\u7528night \u4e5f\u53ef\u4ee5\u7528evening\uff09",
        "33": "At 7 o'clock in the morning. \u5728\u65e9\u4e0a \u4e03 \u70b9\u949f\u3002",
        "36": "At what time did it happen? \u51e0\u70b9\u53d1\u751f\u7684\uff1f",
        "39": "Can I help you? \u6211\u80fd\u5e2e\u4f60\u5417\uff1f",
        "42": "Do you have a swimming pool? \u4f60\u4eec\u6709\u6e38\u6cf3\u6c60\u5417\uff1f",
        "45": "Do you have this in size 11? \u8fd9\u79cd\u6709 \u5341\u4e00 \u53f7\u7684\u5417\uff1f",
        "48": "Do you think you'll be back by 11:30? \u4f60\u89c9\u5f97\u4f60\u5341\u4e00\u70b9\u534a\u524d\u80fd\u56de\u6765\u5417\uff1f\u201c",
        "51": "Everyday I get up at 6AM. \u6211\u6bcf\u5929\u65e9\u4e0a \u516d\u70b9\u949f\u8d77\u5e8a\u3002",
        "54": "Every week. \u6bcf\u5468\u3002",
        "57": "Expiration date. \u8fc7\u671f\u65e5\u671f\u3002",
        "60": "Have you been waiting long? \u4f60\u7b49\u4e86\u5f88\u4e45\u4e86\u5417\uff1f",
        "63": "He'll be back in 20 minutes. \u4ed6\u5c06\u5728\u4e8c\u5341\u5206\u949f\u5185\u56de\u6765\u3002",
        "66": "His family is coming tomorrow. \u4ed6\u7684\u5bb6\u4eba\u660e\u5929\u4f1a\u6765\u3002",
        "69": "How about Saturday? \u5468\u516d\u600e\u4e48\u6837\uff1f",
        "72": "How long are you going to stay? \u4f60\u6253\u7b97\u5446\u591a\u4e45\uff1f",
        "75": "How long are you going to stay in California? \u4f60\u6253\u7b97\u5728\u52a0\u5229\u798f\u5c3c\u4e9a\u5446\u591a\u4e45\uff1f",
        "78": "How long will it take? \u9700\u8981\u591a\u4e45\uff1f",
        "81": "How much altogether? \u603b\u5171\u591a\u5c11\u94b1\uff1f",
        "84": "How much will it cost? \u8981\u82b1\u591a\u5c11\u94b1\uff1f",
        "87": "I don't have enough money. \u6211\u7684\u94b1\u4e0d\u591f\u3002",
        "90": "(adsbygoogle = window.adsbygoogle || []).push({});",
        "91": "I'm getting ready to go out. \u6211\u51c6\u5907\u51fa\u53bb\u5566\u3002",
        "94": "I'm just looking. (Shopping) \u6211\u53ea\u662f\u770b\u770b\u3002\uff08\u8d2d\u7269\u65f6\u8bf4\uff0c\u4e00\u822c\u662f\u53ea\u770b\u4e0d\u4e70\u7684\u3002\u4e00\u822c\u8bf4window shopping\uff09",
        "97": "I'm worried too. \u6211\u4e5f\u5f88\u62c5\u5fc3\u3002",
        "100": "It'll be cold this evening. \u4eca\u5929\u665a\u4e0a\u4f1a\u5f88\u51b7\u3002",
        "103": "It rained very hard today. \u4eca\u5929\u96e8\u4e0b\u5f97\u5f88\u5927\u3002",
        "106": "It's 17 dollars. \u8fd9\u8981\u5341\u4e03\u7f8e\u5143\u3002",
        "109": "It's 6AM. \u73b0\u5728\u662f\u65e9\u4e0a\u516d\u70b9\u3002",
        "112": "It's 8:45. \u73b0\u5728\u662f\u516b\u70b9\u56db\u5341\u4e94\u5206\u3002",
        "115": "It's a quarter to 7. \u73b0\u5728\u662f\u516d\u70b9\u56db\u5341\u4e94\u5206\u3002",
        "118": "It's going to snow today. \u4eca\u5929\u4f1a\u4e0b\u96ea\u3002",
        "121": "It's here. \u5728\u8fd9\u91cc\u3002",
        "124": "It's there. \u5728\u90a3\u91cc\u3002",
        "127": "I've already seen it. \u6211\u5df2\u7ecf\u770b\u5230\u4e86\u3002",
        "130": "John is going on vacation tomorrow. \u7ea6\u7ff0\u51c6\u5907\u660e\u5929\u53bb\u6e21\u5047\u3002",
        "133": "My birthday is August 27th. \u6211\u7684\u751f\u65e5\u662f\u516b\u6708\u4e8c\u5341\u4e03\u53f7\u3002",
        "136": "Now or later? \u73b0\u5728\u8fd8\u662f\u7b49\u4f1a\u513f\uff1f",
        "139": "October 22nd. \u5341\u6708\u4e8c\u5341\u4e8c\u53f7\u3002",
        "142": "She wants to know when you're coming. \u5979\u60f3\u77e5\u9053\u4f60\u4ec0\u4e48\u65f6\u5019\u6765\u3002",
        "145": "Sometimes I go to sleep at 11PM, sometimes at 11:30PM. \u6211\u6709\u65f6\u665a\u4e0a\u5341\u4e00\u70b9\u7761\uff0c\u6709\u65f6\u5341\u4e00\u70b9\u534a\u7761\u3002",
        "148": "There's plenty of time. \u6709\u5f88\u591a\u65f6\u95f4\u3002",
        "151": "The whole day. \u6574\u5929\u3002",
        "154": "We're late. \u6211\u4eec\u8fdf\u5230\u4e86\u3002",
        "157": "What day are they coming over? \u4ed6\u4eec\u54ea\u4e00\u5929\u8fc7\u6765\uff1f",
        "160": "What day of the week is it? \u4eca\u5929\u662f\u661f\u671f\u51e0\uff1f",
        "163": "What is today's date? \u4eca\u5929\u662f\u51e0\u53f7\uff1f",
        "166": "What's your religion? \u4f60\u7684\u5b97\u6559\u4fe1\u4ef0\u662f\u4ec0\u4e48\uff1f",
        "169": "What time are they arriving? \u4ed6\u4eec\u51e0\u70b9\u5230\u8fbe\uff1f",
        "172": "What time did you get up? \u4f60\u51e0\u70b9\u8d77\u5e8a\uff1f",
        "175": "What time did you go to sleep? \u4f60\u51e0\u70b9\u7761\u89c9\uff1f",
        "178": "What time did you wake up? \u4f60\u51e0\u70b9\u9192\u7684\uff1f",
        "181": "(adsbygoogle = window.adsbygoogle || []).push({});",
        "182": "What time does it start? \u51e0\u70b9\u5f00\u59cb\uff1f",
        "185": "What time do you think you'll arrive? \u4f60\u8ba4\u4e3a\u4f60\u51e0\u70b9\u53ef\u4ee5\u5230\u8fbe\uff1f",
        "188": "What time is it? \u73b0\u5728\u51e0\u70b9\u949f\u4e86\uff1f",
        "191": "When are they coming? \u4ed6\u4eec\u4ec0\u4e48\u65f6\u5019\u6765\uff1f",
        "194": "When are you coming back? \u4f60\u4ec0\u4e48\u65f6\u5019\u56de\u6765\uff1f",
        "197": "When are you going to pick up your friend? \u4f60\u4ec0\u4e48\u65f6\u5019\u53bb\u63a5\u4f60\u7684\u670b\u53cb\uff1f",
        "200": "When are you leaving? \u4f60\u4ec0\u4e48\u65f6\u5019\u8d70\uff1f",
        "203": "When are you moving? \u4f60\u4ec0\u4e48\u65f6\u4faf\u642c\u5bb6\uff1f",
        "206": "When is the next bus to Philidalphia? \u4e0b\u4e00\u73ed\u53bb\u8d39\u57ce\u7684\u516c\u4ea4\u8f66\u662f\u4ec0\u4e48\u65f6\u5019\uff1f",
        "209": "When is your birthday? \u4f60\u7684\u751f\u65e5\u662f\u4ec0\u4e48\u65f6\u5019\uff1f",
        "212": "When I went to the store, they didn't have any apples. \u6211\u53bb\u5546\u5e97\u65f6\uff0c\u4ed6\u4eec\u5df2\u7ecf\u6ca1\u6709\u82f9\u679c\u4e86\u3002",
        "215": "When was the last time you talked to your mother? \u4f60\u4e0a\u4e00\u6b21\u8ddf\u4f60\u5988\u5988\u8c08\u8bdd\u662f\u4ec0\u4e48\u65f6\u5019\uff1f",
        "218": "When will he be back? \u4ed6\u4ec0\u4e48\u65f6\u5019\u56de\u6765\uff1f",
        "221": "When will it be ready? \u4ec0\u4e48\u65f6\u5019\u53ef\u4ee5\u51c6\u5907\u597d\uff1f",
        "224": "Where are you going to go? \u4f60\u51c6\u5907\u53bb\u54ea\u91cc\uff1f"
    },
    "\u4f4f\u5bbf": {
        "Link": "http://englishspeak.com/zh-cn/english-phrases?category_key=8",
        "0": "Are you busy? \u4f60\u5fd9\u5417\uff1f",
        "3": "Can we have some more bread please? \u6211\u4eec\u80fd\u518d\u8981\u70b9\u9762\u5305\u5417\uff1f",
        "6": "Do you have any money? \u4f60\u5e26\u94b1\u4e86\u5417\uff1f",
        "9": "For how many nights? \u51e0\u4e2a\u665a\u4e0a\uff1f",
        "12": "How long will you be staying? \u4f60\u6253\u7b97\u5446\u591a\u4e45\uff1f",
        "15": "I'd like a map of the city. \u6211\u60f3\u8981\u4e00\u4efd\u57ce\u5e02\u5730\u56fe\u3002",
        "18": "I'd like a non-smoking room. \u8bf7\u7ed9\u6211\u4e00\u95f4\u4e0d\u51c6\u5438\u70df\u7684\u623f\u95f4\u3002",
        "21": "I'd like a room. \u8bf7\u7ed9\u6211\u4e00\u4e2a\u623f\u95f4\u3002",
        "24": "I'd like a room with two beds please. \u8bf7\u7ed9\u6211\u4e00\u95f4\u4e24\u4e2a\u5e8a\u4f4d\u7684\u623f\u95f4\u3002",
        "27": "I need a doctor. \u6211\u9700\u8981\u770b\u533b\u751f\u3002",
        "30": "Is there a nightclub in town? \u57ce\u91cc\u6709\u591c\u603b\u4f1a\u5417\uff1f",
        "33": "Is there a restaurant in the hotel? \u5bbe\u9986\u91cc\u6709\u9910\u5385\u5417\uff1f",
        "36": "Is there a store near here? \u8fd9\u9644\u8fd1\u6709\u98df\u54c1\u5e97\u5417\uff1f",
        "39": "Sorry, we don't have any vacancies. \u5bf9\u4e0d\u8d77\uff0c\u6211\u4eec\u6ca1\u6709\u7a7a\u623f\u95f4\u4e86\u3002",
        "42": "Take me to the Marriott Hotel. \u5e26\u6211\u53bb\u739b\u745e\u963f\u7279\u996d\u5e97\u3002",
        "45": "What's the charge per night? (Hotel) \u6bcf\u665a\u591a\u5c11\u94b1\uff1f\uff08\u9152\u5e97\uff09",
        "48": "What time is check out? \u4ec0\u4e48\u65f6\u5019\u9000\u623f\uff1f",
        "51": "Where is the airport? \u673a\u573a\u5728\u54ea\u91cc\uff1f",
        "54": "Where's the mail box? \u4fe1\u7b52\u5728\u54ea\u91cc\uff1f"
    },
    "\u5c31\u9910": {
        "Link": "http://englishspeak.com/zh-cn/english-phrases?category_key=9",
        "0": "Are you here alone? \u5c31\u4f60\u4e00\u4e2a\u4eba\u5728\u8fd9\u513f\u5417\uff1f",
        "3": "Can I bring my friend? \u6211\u80fd\u5e26\u670b\u53cb\u6765\u5417\uff1f",
        "6": "Can I have a receipt please? \u8bf7\u7ed9\u6211\u4e00\u5f20\u6536\u636e\u597d\u5417\uff1f",
        "9": "Can it be cheaper? \u80fd\u518d\u4fbf\u5b9c\u70b9\u5417\uff1f",
        "12": "Can we have a menu please. \u8bf7\u7ed9\u6211\u4eec\u4e00\u4efd\u83dc\u5355\uff0c\u597d\u5417\uff1f",
        "15": "Can you hold this for me? \u4f60\u80fd\u5e2e\u6211\u62ff\u4f4f\u8fd9\u4e2a\u5417\uff1f",
        "18": "Do you have any children? \u4f60\u6709\u5c0f\u5b69\u5417\uff1f",
        "21": "Do you know how much it costs? \u4f60\u77e5\u9053\u8fd9\u4e2a\u591a\u5c11\u94b1\u5417\uff1f",
        "24": "Have you eaten at that restaurant? \u4f60\u4ee5\u524d\u5728\u90a3\u5bb6\u9910\u9986\u5403\u8fc7\u5417\uff1f",
        "27": "Have you eaten yet? \u4f60\u5403\u4e86\u5417\uff1f",
        "30": "Have you ever had Potato soup? \u4f60\u559d\u8fc7\u571f\u8c46\u6c64\u5417\uff1f",
        "33": "He likes juice but he doesn't like milk \u4ed6\u559c\u6b22\u559d\u679c\u6c41\uff0c\u4f46\u4e0d\u559c\u6b22\u559d\u725b\u5976\u3002",
        "36": "Here is your salad. \u8fd9\u662f\u4f60\u7684\u6c99\u62c9\u3002",
        "39": "Here's your order. \u8fd9\u662f\u4f60\u70b9\u7684\u3002",
        "42": "How does it taste? \u5473\u9053\u600e\u4e48\u6837\uff1f",
        "45": "How many people? (restaurant) \u51e0\u4f4d\uff1f\uff08\u5728\u9910\u9986\u91cc\uff0c\u670d\u52a1\u5458\u95ee\uff09",
        "48": "I agree. \u6211\u540c\u610f\u3002",
        "51": "I'd like a table near the window. \u8bf7\u7ed9\u6211\u4e00\u5f20\u9760\u7a97\u7684\u684c\u5b50\u3002",
        "54": "I'd like to call the United States. \u6211\u60f3\u6253\u7535\u8bdd\u5230\u7f8e\u56fd\u3002",
        "57": "I haven't been there. \u6211\u6ca1\u53bb\u8fc7\u90a3\u91cc\u3002",
        "60": "I haven't finished eating. \u6211\u8fd8\u6ca1\u5403\u5b8c\u3002",
        "63": "I like it. \u6211\u559c\u6b22\u3002",
        "66": "I'll give you a call. \u6211\u4f1a\u6253\u7535\u8bdd\u7ed9\u4f60\u3002",
        "69": "I'll have a cup of tea please. \u8bf7\u7ed9\u6211\u4e00\u676f\u8336\u3002",
        "72": "I'll have a glass of water please. \u8bf7\u7ed9\u6211\u4e00\u676f\u6c34\u3002",
        "75": "I'm from America. \u6211\u6765\u81ea\u7f8e\u56fd\u3002",
        "78": "I'm going to bed. \u6211\u51c6\u5907\u53bb\u7761\u89c9\u3002",
        "81": "I'm here on business. \u6211\u6765\u8fd9\u91cc\u51fa\u5dee\u3002",
        "84": "I'm sorry. \u5bf9\u4e0d\u8d77\u3002",
        "87": "I only have 5 dollars. \u6211\u53ea\u6709\u4e94\u7f8e\u5143\u3002",
        "90": "(adsbygoogle = window.adsbygoogle || []).push({});",
        "91": "I think I need to see a doctor. \u6211\u60f3\u6211\u5fc5\u987b\u53bb\u770b\u533b\u751f\u4e86\u3002",
        "94": "It's August 25th. \u4eca\u5929\u662f\u516b\u6708\u4e8c\u5341\u4e94\u53f7\u3002",
        "97": "I understand. \u6211\u660e\u767d\u3002\uff08\u548c\u4e0a\u9762\u4e00\u4e2a\u7684\u533a\u522b\uff0c\u8fd9\u4e2a\u662f\u522b\u4eba\u8bf4\u4ec0\u4e48\u4e8b\uff0c\u4f60\u660e\u767d\uff0c\u5c31\u53ef\u4ee5\u76f4\u63a5\u8bf4\uff09",
        "100": "June 3rd. \u516d\u6708\u4e09\u53f7\u3002",
        "103": "The food was delicious. \u8fd9\u4e9b\u5f88\u597d\u5403\u3002",
        "106": "There are some apples in the refrigerator. \u51b0\u7bb1\u91cc\u6709\u4e00\u4e9b\u82f9\u679c\u3002",
        "109": "There's a restaurant near here. \u8fd9\u9644\u8fd1\u6709\u4e00\u5bb6\u9910\u9986\u3002",
        "112": "There's a restaurant over there, but I don't think it's very good. \u90a3\u513f\u6709\u4e00\u5bb6\u9910\u9986\uff0c\u4f46\u6211\u89c9\u5f97\u5b83\u4e0d\u597d\u3002",
        "115": "Waiter! \u670d\u52a1\u5458\uff01",
        "118": "Waitress! \u670d\u52a1\u5458\uff01",
        "121": "We can eat Italian or Chinese food. \u6211\u4eec\u53ef\u4ee5\u5403\u610f\u5927\u5229\u83dc\u6216\u4e2d\u56fd\u83dc\u3002",
        "124": "We'll have two glasses of water please. \u8bf7\u7ed9\u6211\u4eec\u4e24\u676f\u6c34\u3002",
        "127": "What are you going to have? \u4f60\u60f3\u8981\u4ec0\u4e48\uff1f",
        "130": "What do you recommend? \u4f60\u6709\u4ec0\u4e48\u63a8\u8350\uff1f",
        "133": "What's your email address? \u4f60\u7684\u90ae\u7bb1\u5730\u5740\u662f\u4ec0\u4e48\uff1f",
        "136": "What would you like to drink? \u4f60\u60f3\u559d\u4ec0\u4e48\u996e\u6599\uff1f",
        "139": "What would you like to eat? \u4f60\u60f3\u5403\u70b9\u4ec0\u4e48\uff1f",
        "142": "Where is an ATM? \u54ea\u91cc\u6709\u81ea\u52a8\u53d6\u6b3e\u673a\uff1f",
        "145": "Where is there a doctor who speaks English? \u54ea\u91cc\u6709\u4f1a\u8bf4\u82f1\u8bed\u7684\u533b\u751f\uff1f",
        "148": "Which one? \u54ea\u4e00\u4e2a\uff1f",
        "151": "Would you ask him to come here? \u8bf7\u8ba9\u4ed6\u6765\u8fd9\u91cc\uff0c\u597d\u5417\uff1f",
        "154": "Would you like a glass of water? \u4f60\u60f3\u559d\u676f\u6c34\u5417\uff1f",
        "157": "Would you like coffee or tea? \u4f60\u60f3\u559d\u5496\u5561\u8fd8\u662f\u559d\u8336\uff1f",
        "160": "Would you like something to drink? \u4f60\u60f3\u559d\u70b9\u4ec0\u4e48\u5417\uff1f",
        "163": "Would you like some water? \u4f60\u60f3\u559d\u70b9\u6c34\u5417\uff1f",
        "166": "Would you like some wine? \u4f60\u60f3\u559d\u70b9\u9152\u5417\uff1f",
        "169": "Would you like to go for a walk? \u4f60\u60f3\u53bb\u6563\u6b65\u5417\uff1f",
        "172": "Would you like to watch TV? \u4f60\u60f3\u770b\u7535\u89c6\u5417\uff1f"
    },
    "\u4ea4\u53cb": {
        "Link": "http://englishspeak.com/zh-cn/english-phrases?category_key=10",
        "0": "Are you American? \u4f60\u662f\u7f8e\u56fd\u4eba\u5417\uff1f",
        "3": "Are you coming this evening? \u4f60\u4eca\u665a\u4f1a\u6765\u5417\uff1f",
        "6": "Are you free tonight? \u4f60\u4eca\u665a\u6709\u7a7a\u5417\uff1f",
        "9": "Are you going to take a plane or train? \u4f60\u6253\u7b97\u5750\u98de\u673a\u8fd8\u662f\u5750\u706b\u8f66\u53bb\uff1f",
        "12": "Are you hungry? \u4f60\u997f\u4e86\u5417\uff1f",
        "15": "Are you sure? \u4f60\u80af\u5b9a\u5417\uff1f",
        "18": "Are you working Tomorrow? \u4f60\u660e\u5929\u4e0a\u73ed\u5417\uff1f",
        "21": "Business is good. \u751f\u610f\u4e0d\u9519\u3002",
        "24": "Cheers! \u5e72\u676f\uff01",
        "27": "Did it snow yesterday? \u6628\u5929\u4e0b\u96ea\u4e86\u5417\uff1f",
        "30": "Did you get my email? \u6536\u5230\u6211\u7684\u7535\u5b50\u90ae\u4ef6\u4e86\u5417\uff1f",
        "33": "Did you take your medicine? \u4f60\u5403\u836f\u4e86\u5417\uff1f",
        "36": "Do you feel better? \u4f60\u611f\u89c9\u597d\u70b9\u4e86\u5417\uff1f",
        "39": "Do you go to Florida often? \u4f60\u7ecf\u5e38\u53bb\u798f\u7f57\u91cc\u8fbe\u5417\uff1f",
        "42": "Do you have another one? \u4f60\u53e6\u5916\u8fd8\u6709\u5417\uff1f",
        "45": "Do you know where there's a store that sells towels? \u4f60\u77e5\u9053\u54ea\u4e2a\u5546\u5e97\u5356\u6d74\u5dfe\u5417\uff1f",
        "48": "Do you like it here? \u4f60\u559c\u6b22\u8fd9\u91cc\u5417\uff1f",
        "51": "Do you like the book? \u4f60\u559c\u6b22\u8fd9\u672c\u4e66\u5417\uff1f",
        "54": "Do you need anything? \u4f60\u9700\u8981\u4ec0\u4e48\u4e1c\u897f\u5417\uff1f",
        "57": "Do you play any sports? \u4f60\u53c2\u52a0\u4ec0\u4e48\u4f53\u80b2\u6d3b\u52a8\u5417\uff1f",
        "60": "Do you sell medicine? (store) \u4f60\u8fd9\u513f\u5356\u836f\u5417\uff1f \uff08\u5728\u5546\u5e97\uff09",
        "63": "Do you study English? \u4f60\u5728\u5b66\u82f1\u8bed\u5417\uff1f",
        "66": "Do you want to come with me? \u4f60\u60f3\u540c\u6211\u4e00\u8d77\u6765\u5417\uff1f",
        "69": "Do you want to go with me? \u4f60\u60f3\u540c\u6211\u4e00\u8d77\u53bb\u5417\uff1f",
        "72": "Excuse me. \u5bf9\u4e0d\u8d77\u3002\uff08\u5982\u679c\u4f60\u8981\u8ba9\u522b\u4eba\u5e2e\u4f60\u8ba9\u8def\u65f6\uff0c\u4e5f\u53ef\u4ee5\u7528\u8fd9\u4e2a\uff0c\u610f\u601d\u662f\u201c\u501f\u8fc7\u4e00\u4e0b\u201d\uff0c\u5728\u6709\u4e9b\u60c5\u51b5\u4e0b\u4e5f\u53ef\u4ee5\u7ffb\u8bd1\u6210\u201c\u6253\u6270\u4e00\u4e0b\u201d",
        "75": "Give me a call. \u7ed9\u6211\u6253\u7535\u8bdd\u3002",
        "78": "Has your brother been to California? \u4f60\u7684\u54e5\u54e5\uff08\u5f1f\u5f1f\uff09\u53bb\u8fc7\u52a0\u5229\u798f\u5c3c\u4e9a\u5dde\u5417\uff1f",
        "81": "Have they met her yet? \u4ed6\u4eec\u89c1\u8fc7\u5979\u5417\uff1f",
        "84": "Have you done this before? \u4f60\u4ee5\u524d\u8fd9\u6837\u505a\u8fc7\u5417\uff1f",
        "87": "How long have you been here? \u4f60\u5728\u8fd9\u513f\u5446\u4e86\u591a\u4e45\u5566\uff1f",
        "90": "(adsbygoogle = window.adsbygoogle || []).push({});",
        "91": "How long have you been in America? \u4f60\u5728\u7f8e\u56fd\u5446\u591a\u4e45\u4e86\uff1f",
        "94": "How long have you lived here? \u4f60\u5728\u8fd9\u513f\u4f4f\u4e86\u591a\u4e45\u5566\uff1f",
        "97": "How many children do you have? \u4f60\u6709\u51e0\u4e2a\u5b69\u5b50\uff1f",
        "100": "How many languages do you speak? \u4f60\u4f1a\u8bf4\u51e0\u79cd\u8bed\u8a00\uff1f",
        "103": "How many people do you have in your family? \u4f60\u4eec\u5bb6\u6709\u51e0\u53e3\u4eba\uff1f",
        "106": "How much would you like? \u4f60\u60f3\u8981\u591a\u5c11\uff1f",
        "109": "How old are you? \u4f60\u591a\u5927\u4e86\uff1f",
        "112": "I bought a shirt yesterday. \u6211\u6628\u5929\u4e70\u4e86\u4e00\u4ef6\u886c\u8863\u3002",
        "115": "I don't feel well. \u6211\u611f\u89c9\u4e0d\u592a\u8212\u670d\u3002",
        "118": "I have pain in my arm. \u6211\u7684\u80f3\u818a\u75db\u3002",
        "121": "I have to wash my clothes. \u6211\u5f97\u6d17\u8863\u670d\u53bb\u4e86\u3002",
        "124": "I have two sisters. \u6211\u6709\u4e24\u4e2a\u59d0\u59b9\u3002",
        "127": "I'll tell him you called. \u6211\u4f1a\u544a\u8bc9\u4ed6\u4f60\u6765\u8fc7\u7535\u8bdd\u3002",
        "130": "I'm 32. \u6211\u4e09\u5341\u4e8c\u5c81\u3002",
        "133": "I'm 6'2\". \u6211\u8eab\u9ad8 \u516d\u5c3a\u4e8c\u3002",
        "136": "I'm allergic to seafood. \u6211\u5bf9\u6d77\u9c9c\u8fc7\u654f\u3002",
        "139": "I'm American. \u6211\u662f\u7f8e\u56fd\u4eba\u3002\uff08\u4e5f\u53ef\u4ee5\u7528I am an American.)",
        "142": "I'm a size 8. \u6211\u7a7f\u516b\u53f7\u7684\u3002",
        "145": "I'm fine, and you? \u6211\u5f88\u597d\uff0c\u4f60\u5462\uff1f",
        "148": "I'm not afraid. \u6211\u4e0d\u6015\u3002",
        "151": "I'm sick. \u6211\u75c5\u4e86\u3002",
        "154": "I remember. \u6211\u8bb0\u5f97\u3002",
        "157": "I speak a little English. \u6211\u4f1a\u8bf4\u4e00\u70b9\u82f1\u8bed\u3002",
        "160": "Is your house like this one? \u4f60\u7684\u623f\u5b50\u8ddf\u8fd9\u95f4\u76f8\u4f3c\u5417\uff1f",
        "163": "Is your husband also from Boston? \u4f60\u7684\u4e08\u592b\u4e5f\u6765\u81ea\u6ce2\u58eb\u987f\u5417\uff1f",
        "166": "It's not very expensive. \u4e0d\u662f\u5f88\u8d35\u3002",
        "169": "I've been there. \u6211\u53bb\u8fc7\u90a3\u91cc\u3002",
        "172": "Let's share. \u6211\u4eec\u5171\u7528\u3002",
        "175": "My daughter is here. \u6211\u5973\u513f\u5728\u8fd9\u91cc\u3002",
        "178": "My father has been there. \u6211\u7236\u4eb2\u53bb\u8fc7\u90a3\u91cc\u3002",
        "181": "(adsbygoogle = window.adsbygoogle || []).push({});",
        "182": "My father is a lawyer. \u6211\u7236\u4eb2\u662f\u4e00\u4f4d\u5f8b\u5e08\u3002",
        "185": "My grandmother passed away last year. \u6211\u7956\u6bcd\u53bb\u5e74\u53bb\u4e16\u4e86\u3002",
        "188": "My name is John Smith. \u6211\u7684\u540d\u5b57\u53eb\u7ea6\u7ff0.\u53f2\u5bc6\u65af\u3002",
        "191": "My son. \u6211\u513f\u5b50\u3002",
        "194": "My son studies computers. \u6211\u513f\u5b50\u662f\u5b66\u7535\u8111\u7684\u3002",
        "197": "No, I'm American. \u4e0d\uff0c\u6211\u662f\u7f8e\u56fd\u4eba\u3002",
        "200": "No, this is the first time. \u4e0d\uff0c\u8fd9\u662f\u7b2c\u4e00\u6b21\u3002",
        "203": "Our children are in America. \u6211\u4eec\u7684\u5b69\u5b50\u5728\u7f8e\u56fd\u3002",
        "206": "She's an expert. \u5979\u662f\u4e00\u4f4d\u4e13\u5bb6\u3002",
        "209": "She's older than me. \u5979\u5e74\u7eaa\u6bd4\u6211\u5927\u3002",
        "212": "That car is similar to my car. \u90a3\u8f86\u8f66\u8ddf\u6211\u7684\u5f88\u50cf\u3002",
        "215": "This is Mrs. Smith. \u8fd9\u662f\u53f2\u5bc6\u65af\u5c0f\u59d0\u3002\uff08\u4ecb\u7ecd\uff09",
        "218": "This is my mother. \u8fd9\u662f\u6211\u5988\u5988\u3002\uff08\u4ecb\u7ecd\uff09",
        "221": "This is the first time I've been here. \u8fd9\u662f\u6211\u7b2c\u4e00\u6b21\u6765\u8fd9\u91cc\u3002",
        "224": "We have two boys and one girl. \u6211\u4eec\u6709\u4e24\u4e2a\u7537\u5b69\u548c\u4e00\u4e2a\u5973\u5b69\u3002",
        "227": "What are you going to do tonight? \u4f60\u4eca\u665a\u6253\u7b97\u5e72\u4ec0\u4e48\uff1f",
        "230": "What are your hobbies? \u4f60\u6709\u4ec0\u4e48\u7231\u597d\uff1f",
        "233": "What do you study? \u4f60\u662f\u5b66\u4ec0\u4e48\uff1f",
        "236": "What do you want to do? \u4f60\u60f3\u5e72\u4ec0\u4e48\uff1f",
        "239": "What school did you go to? \u4f60\u662f\u5728\u90a3\u6240\u5b66\u6821\u4e0a\u7684\u5b66\uff1f",
        "242": "What's your favorite movie? \u4f60\u6700\u559c\u6b22\u54ea\u90e8\u7535\u5f71\uff1f",
        "245": "What's your last name? \u4f60\u59d3\u4ec0\u4e48\uff1f",
        "248": "What's your name? \u4f60\u7684\u540d\u5b57\u662f\u4ec0\u4e48\uff1f",
        "251": "Where are the t-shirts? T \u6064\u886b\u5728\u54ea\u91cc\uff1f",
        "254": "Where did you go? \u4f60\u53bb\u4e86\u54ea\u91cc\uff1f",
        "257": "Where did you learn English? \u4f60\u5728\u54ea\u91cc\u5b66\u7684\u82f1\u8bed\uff1f",
        "260": "Where did you work before you worked here? \u5230\u8fd9\u91cc\u5de5\u4f5c\u4e4b\u524d\uff0c\u4f60\u5728\u54ea\u91cc\u5de5\u4f5c\uff1f",
        "263": "Where do you live? \u4f60\u4f4f\u5728\u54ea\u91cc\uff1f",
        "266": "Where were you? \u4f60\u5f53\u65f6\u5728\u54ea\u91cc\uff1f",
        "269": "Who sent this letter? \u8fd9\u5c01\u4fe1\u662f\u8c01\u53d1\u6765\u7684\uff1f",
        "272": "(adsbygoogle = window.adsbygoogle || []).push({});",
        "273": "Would you like to buy this? \u4f60\u60f3\u4e70\u8fd9\u4e2a\u5417\uff1f",
        "276": "Your children are very well behaved. \u4f60\u7684\u5b69\u5b50\u5f88\u61c2\u4e8b\u3002",
        "279": "Your daughter. \u4f60\u7684\u5973\u513f\u3002",
        "282": "You're smarter than him. \u4f60\u6bd4\u4ed6\u806a\u660e\u3002",
        "285": "You speak English very well. \u4f60\u7684\u82f1\u8bed\u8bf4\u5f97\u5f88\u597d\u3002"
    },
    "\u5a31\u4e50": {
        "Link": "http://englishspeak.com/zh-cn/english-phrases?category_key=11",
        "0": "Are there any concerts? \u6709\u6ca1\u6709\u97f3\u4e50\u4f1a\uff1f",
        "3": "Do you want to go to the movies? \u4f60\u60f3\u53bb\u770b\u7535\u5f71\u5417\uff1f",
        "6": "Have you seen this movie? \u4f60\u770b\u8fc7\u8fd9\u90e8\u7535\u5f71\u5417\uff1f",
        "9": "He said you like to watch movies. \u4ed6\u8bf4\u4f60\u559c\u6b22\u770b\u7535\u5f71\u3002",
        "12": "How tall are you? \u4f60\u6709\u591a\u9ad8\uff1f",
        "15": "Is the bank far? \u94f6\u884c\u8fdc\u5417\uff1f",
        "18": "Is there a movie theater nearby? \u9644\u8fd1\u6709\u7535\u5f71\u9662\u5417\uff1f",
        "21": "What do people usually do in the summer in Los Angeles? \u6d1b\u6749\u77f6\u7684\u4eba\u590f\u5929\u4e00\u822c\u90fd\u5e72\u4ec0\u4e48\uff1f",
        "24": "What kind of music do you like? \u4f60\u559c\u6b22\u4ec0\u4e48\u6837\u7684\u97f3\u4e50\uff1f",
        "27": "What's your favorite food? \u4f60\u6700\u559c\u6b22\u5403\u4ec0\u4e48\u83dc\uff1f",
        "30": "What time does the movie start? \u7535\u5f71\u51e0\u70b9\u5f00\u59cb\uff1f",
        "33": "Who was your teacher? \u4f60\u7684\u8001\u5e08\u662f\u8c01\uff1f",
        "36": "Would you like to have dinner with me? \u613f\u610f\u8ddf\u6211\u5171\u8fdb\u665a\u9910\u5417\uff1f",
        "39": "Would you like to rent a movie? \u4f60\u60f3\u79df\u4e00\u90e8\u7535\u5f71\u5417\uff1f"
    },
    "\u8d2d\u7269": {
        "Link": "http://englishspeak.com/zh-cn/english-phrases?category_key=12",
        "0": "Can I have a glass of water please? \u8bf7\u7ed9\u6211\u4e00\u676f\u6c34\u597d\u5417\uff1f",
        "3": "Can I use your phone? \u6211\u80fd\u7528\u4e00\u4e0b\u4f60\u7684\u7535\u8bdd\u5417\uff1f",
        "6": "Do you have any vacancies? \u4f60\u6709\u7a7a\u623f\u5417\uff1f",
        "9": "Do you have the number for a taxi? \u4f60\u4eec\u6709\u51fa\u79df\u8f66\u516c\u53f8\u7684\u7535\u8bdd\u53f7\u7801\u5417\uff1f",
        "12": "Do you know her? \u4f60\u8ba4\u8bc6\u5979\u5417\uff1f",
        "15": "Do you know where she is? \u4f60\u77e5\u9053\u5979\u5728\u54ea\u513f\u5417\uff1f",
        "18": "Do you play basketball? \u4f60\u6253\u7bee\u7403\u5417\uff1f",
        "21": "Fill it up, please. (gas station) \u8bf7\u52a0\u6cb9\u5427\u3002 \uff08\u52a0\u6cb9\u7ad9\uff09",
        "24": "He needs some new clothes. \u4ed6\u9700\u8981\u4e00\u4e9b\u65b0\u8863\u670d\u3002",
        "27": "How much is that? \u90a3\u4e2a\u591a\u5c11\u94b1\uff1f",
        "30": "How much is this? \u8fd9\u4e2a\u591a\u5c11\u94b1\uff1f",
        "33": "I believe you. \u6211\u76f8\u4fe1\u4f60\u3002",
        "36": "I'd like the number for the Hilton Hotel please. \u8bf7\u544a\u8bc9\u6211\u5e0c\u5c14\u987f\u996d\u5e97\u7684\u7535\u8bdd\u53f7\u7801\uff0c\u597d\u5417\uff1f",
        "39": "I'd like to buy a phone card please. \u6211\u60f3\u4e70\u4e00\u5f20\u7535\u8bdd\u5361\u3002",
        "42": "I'd like to go home. \u6211\u60f3\u56de\u5bb6\u3002",
        "45": "I'd like to go shopping. \u6211\u60f3\u53bb\u8d2d\u7269\u3002",
        "48": "If you like it I can buy more. \u5982\u679c\u4f60\u559c\u6b22\uff0c\u6211\u53ef\u4ee5\u591a\u4e70\u4e00\u70b9\u3002",
        "51": "I'm a beginner. \u6211\u662f\u521d\u5b66\u8005\u3002",
        "54": "I'm full. \u6211\u5403\u9971\u5566\u3002",
        "57": "I'm just kidding. \u6211\u53ea\u662f\u5f00\u73a9\u7b11\u3002",
        "60": "I'm single. \u6211\u662f\u5355\u8eab\u3002",
        "63": "I speak two languages. \u6211\u4f1a\u8bf4\u4e24\u79cd\u8bed\u8a00\u3002",
        "66": "I thought he said something else. \u6211\u8fd8\u4ee5\u4e3a\u4ed6\u8bf4\u7684\u522b\u7684\u5462\u3002\uff08\u6ce8\u610f\uff1a\u82f1\u8bed\u4e2d\u65f6\u6001\uff0c\u5728\u4e2d\u6587\u4e2d\u8868\u73b0\u4e0d\u51fa\u6765\uff0c\u4f46\u82f1\u8bed\u4e2d\u8981\uff09",
        "69": "It's not too far. \u4e0d\u662f\u592a\u8fdc\u3002",
        "72": "I usually drink coffee at breakfast. \u6211\u901a\u5e38\u65e9\u9910\u8981\u559d\u5496\u5561\u3002",
        "75": "Sorry, we don't have any. \u5bf9\u4e0d\u8d77\uff0c\u6211\u4eec\u6ca1\u6709\u4e86\u3002",
        "78": "The books are expensive. \u8fd9\u4e9b\u4e66\u5f88\u8d35\u3002",
        "81": "Try it on. \u8bd5\u7a7f\u4e00\u4e0b\u3002",
        "84": "What do you want to buy? \u4f60\u60f3\u4e70\u4ec0\u4e48\uff1f",
        "87": "What size? \u4ec0\u4e48\u53f7\uff1f\uff08\u4e70\u8863\u670d\u65f6\u7528\uff09",
        "90": "(adsbygoogle = window.adsbygoogle || []).push({});",
        "91": "What time does the store open? \u5546\u5e97\u51e0\u70b9\u5f00\u95e8\uff1f",
        "94": "When does the plane arrive? \u98de\u673a\u4ec0\u4e48\u65f6\u5019\u5230\u8fbe\uff1f",
        "97": "Where are you? \u4f60\u5728\u54ea\u513f\uff1f",
        "100": "Would you like something to eat? \u4f60\u60f3\u5403\u70b9\u4ec0\u4e48\u5417\uff1f"
    },
    "\u4ea4\u6d41\u969c\u788d": {
        "Link": "http://englishspeak.com/zh-cn/english-phrases?category_key=13",
        "0": "Am I pronouncing it correctly? \u6211\u7684\u53d1\u97f3\u5bf9\u5417\uff1f",
        "3": "Can you do me a favor? \u4f60\u80fd\u5e2e\u6211\u4e00\u4e2a\u5fd9\u5417\uff1f",
        "6": "Can you help me? \u4f60\u80fd\u5e2e\u6211\u4e00\u4e0b\u5417\uff1f",
        "9": "Can you please say that again? \u8bf7\u518d\u8bf4\u4e00\u904d\uff0c\u597d\u5417\uff1f",
        "12": "Can you show me? \u4f60\u80fd\u6f14\u793a\u4e00\u4e0b\u5417\uff1f\uff08\u5982\u679c\u662f\u522b\u4eba\u65b0\u4e70\u7684\u4e1c\u897f\uff0c\u4e5f\u53ef\u7528\u4e8e\u4f60\u53bb\u8d2d\u4e70\u4e1c\u897f\uff0c\u8981\u6c42\u9500\u552e\u4eba\u5458\u6f14\u793a\u4e00\u4e0b\uff09",
        "15": "Can you throw that away for me? \u4f60\u80fd\u5e2e\u6211\u628a\u8fd9\u6254\u4e86\u5417\uff1f",
        "18": "Does anyone here speak English? \u8fd9\u91cc\u6709\u4eba\u4f1a\u8bf4\u82f1\u8bed\u5417\uff1f",
        "21": "Don't do that. \u522b\u5e72\u90a3\u4e8b\uff01",
        "24": "Do you believe that? \u4f60\u76f8\u4fe1\u5417\uff1f",
        "27": "Do you have a pencil? \u4f60\u6709\u94c5\u7b14\u5417\uff1f",
        "30": "Do you smoke? \u4f60\u62bd\u70df\u5417\uff1f",
        "33": "Do you speak English? \u4f60\u4f1a\u8bf4\u82f1\u8bed\u5417\uff1f",
        "36": "Excuse me, what did you say? \u5bf9\u4e0d\u8d77\uff0c \u4f60\u521a\u624d\u8bf4\u4ec0\u4e48\uff1f",
        "39": "Forget it. \u522b\u60f3\u7740\u5b83\u4e86\u3002",
        "42": "How do you pronounce that? \u8fd9\u4e2a\u600e\u4e48\u53d1\u97f3\uff1f",
        "45": "How do you say it in English? \u8fd9\u4e2a\u7528\u82f1\u8bed\u600e\u4e48\u8bf4\uff1f",
        "48": "How do you spell it? \u8fd9\u4e2a\u600e\u4e48\u62fc\u5199\uff1f",
        "51": "How do you spell the word \"Seattle?\" \u201c\u897f\u96c5\u56fe\u201d\u8fd9\u4e2a\u5355\u8bcd\u600e\u4e48\u62fc\u5199\uff1f",
        "54": "I can swim. \u6211\u4f1a\u6e38\u6cf3\u3002",
        "57": "I can't hear you clearly. \u6211\u542c\u4e0d\u6e05\u695a\u4f60\u8bf4\u7684\u8bdd\u3002",
        "60": "I don't mind. \u6211\u4e0d\u4ecb\u610f\u3002",
        "63": "I don't speak English very well. \u6211\u82f1\u8bed\u8bf4\u5f97\u4e0d\u597d\u3002",
        "66": "I don't think so. \u6211\u4e0d\u8fd9\u4e48\u8ba4\u4e3a\u3002",
        "69": "I don't understand what your saying. \u6211\u4e0d\u660e\u767d\u4f60\u5728\u8bf4\u4ec0\u4e48\u3002",
        "72": "Is there air conditioning in the room? \u623f\u95f4\u91cc\u6709\u7a7a\u8c03\u5417\uff1f",
        "75": "I think you have too many clothes. \u6211\u8ba4\u4e3a\u4f60\u7684\u8863\u670d\u592a\u591a\u4e86\u3002",
        "78": "I trust you. \u6211\u4fe1\u4efb\u4f60\u3002",
        "81": "I understand now. \u6211\u73b0\u5728\u660e\u767d\u4e86\u3002\uff08\u5f53\u522b\u4eba\u8ddf\u4f60\u8bf4\u4ec0\u4e48\uff0c\u521a\u5f00\u59cb\u4f60\u4e0d\u660e\u767d\uff0c\u7ecf\u522b\u4eba\u89e3\u91ca\u540e\u4f60\u660e\u767d\u4e86\uff0c\u4f60\u5c31\u53ef\u4ee5\u7528\u8fd9\u4e2a\uff09",
        "84": "Let's meet in front of the hotel. \u6211\u4eec\u5728\u9152\u5e97\u524d\u89c1\u9762\u3002",
        "87": "Please sit down. \u8bf7\u5750\u3002",
        "90": "(adsbygoogle = window.adsbygoogle || []).push({});",
        "91": "Please speak English. \u8bf7\u8bf4\u82f1\u8bed\u3002",
        "94": "Please speak more slowly. \u8bf7\u8bf4\u6162\u4e00\u70b9\u3002",
        "97": "Sorry, I didn't hear clearly. \u5bf9\u4e0d\u8d77\uff0c\u6211\u6ca1\u542c\u6e05\u695a\u3002",
        "100": "That means friend. \"friend\"\u7684\u610f\u601d\u5c31\u662f\u670b\u53cb\u3002",
        "103": "That's wrong. \u9519\u5566\u3002",
        "106": "Try to say it. \u8bd5\u7740\u8bf4\u8bf4",
        "109": "What does this mean? \u8fd9\u662f\u4ec0\u4e48\u610f\u601d\uff1f",
        "112": "What does this say? \u8fd9\u8bf4\u7684\u662f\u4ec0\u4e48\uff1f",
        "115": "What does this word mean? \u8fd9\u4e2a\u5355\u8bcd\u662f\u4ec0\u4e48\u610f\u601d\uff1f",
        "118": "What's the exchange rate? \u6c47\u7387\u662f\u591a\u5c11\uff1f",
        "121": "Whose book is that? \u90a3\u662f\u8c01\u7684\u4e66\uff1f",
        "124": "Why aren't you going? \u4f60\u4e3a\u4ec0\u4e48\u4e0d\u53bb\uff1f",
        "127": "Why are you laughing? \u4f60\u5728\u7b11\u4ec0\u4e48\uff1f",
        "130": "Why did you do that? \u4f60\u4e3a\u4ec0\u4e48\u90a3\u6837\u505a\uff1f"
    },
    "\u7d27\u6025\u60c5\u51b5\u548c\u5065\u5eb7": {
        "Link": "http://englishspeak.com/zh-cn/english-phrases?category_key=14",
        "0": "Are you allergic to anything? \u4f60\u5bf9\u4ec0\u4e48\u4e1c\u897f\u8fc7\u654f\u5417\uff1f",
        "3": "Are you ready? \u4f60\u51c6\u5907\u597d\u4e86\u5417\uff1f",
        "6": "Call me. \u6253\u7535\u8bdd\u7ed9\u6211\u3002",
        "9": "Did you send me flowers? \u4f60\u7ed9\u6211\u9001\u82b1\u4e86\u5417\uff1f",
        "12": "Do you sell batteries? \u4f60\u4eec\u6709\u7535\u6c60\u5356\u5417\uff1f",
        "15": "I don't care. \u6211\u4e0d\u5728\u4e4e\u3002",
        "18": "I give up. \u6211\u4e0d\u5e72\u4e86\u3002\uff08\u4e5f\u53ef\u4ee5\u7ffb\u8bd1\u6210\u201c\u6211\u653e\u5f03\u5566\u201d\uff09",
        "21": "I got in an accident. \u6211\u7684\u8f66\u51fa\u8f66\u7978\u4e86\u3002",
        "24": "I have a cold. \u6211\u611f\u5192\u4e86\u3002",
        "27": "I have one in my car. \u6211\u8f66\u91cc\u6709\u4e00\u4e2a\u3002",
        "30": "I made this cake. \u6211\u505a\u7684\u8fd9\u4e2a\u86cb\u7cd5\u3002",
        "33": "I'm a teacher. \u6211\u662f\u8001\u5e08\u3002",
        "36": "I'm self-employed. \u6211\u4e3a\u81ea\u5df1\u5de5\u4f5c\u3002",
        "39": "I still have a lot to do. \u6211\u8fd8\u6709\u5f88\u591a\u4e8b\u60c5\u8981\u505a\u3002",
        "42": "I still haven't decided. \u6211\u8fd8\u6ca1\u51b3\u5b9a\u3002",
        "45": "It depends on the weather. \u53d6\u51b3\u4e8e\u5929\u6c14\u60c5\u51b5\u3002",
        "48": "It's very cold today. \u4eca\u5929\u5f88\u51b7\u3002",
        "51": "My luggage is missing. \u6211\u7684\u884c\u674e\u4e22\u4e86\u3002",
        "54": "My stomach hurts. \u6211\u809a\u5b50\u75db\u3002",
        "57": "My throat is sore. \u6211\u5589\u5499\u75db\u3002",
        "60": "My watch has been stolen. \u6211\u7684\u624b\u8868\u88ab\u5077\u4e86\u3002",
        "63": "Take this medicine. \u5403\u8fd9\u79cd\u836f\u3002",
        "66": "The accident happened at the intersection. \u4e8b\u6545\u53d1\u751f\u5728\u5341\u5b57\u8def\u53e3\u3002",
        "69": "There has been a car accident. \u53d1\u751f\u4e86\u8f66\u7978\u3002",
        "72": "Where can I exchange U.S. dollars? \u5728\u54ea\u513f\u53ef\u4ee5\u5151\u6362 \u7f8e\u5143\uff1f",
        "75": "Where do you work? \u4f60\u5728\u54ea\u91cc\u5de5\u4f5c\uff1f",
        "78": "Where's the nearest hospital? \u6700\u8fd1\u7684\u533b\u9662\u5728\u54ea\u91cc\uff1f",
        "81": "Where's the post office? \u90ae\u5c40\u5728\u54ea\u91cc\uff1f"
    },
    "\u6587\u5316\u8868\u8fbe\uff0f\u672f\u8bed": {
        "Link": "http://englishspeak.com/zh-cn/english-phrases?category_key=15"
    },
    "\u4e00\u822c\u95ee\u9898": {
        "Link": "http://englishspeak.com/zh-cn/english-phrases?category_key=16",
        "0": "And you? \u4f60\u5462\uff1f",
        "3": "Anything else? \u8fd8\u9700\u8981\u5176\u5b83\u5417\uff1f",
        "6": "Are they the same? \u5b83\u4eec\u4e00\u6837\u5417\uff1f",
        "9": "Are you afraid? \u4f60\u5bb3\u6015\u5417\uff1f",
        "12": "Are you going to attend their wedding? \u4f60\u6253\u7b97\u53c2\u52a0\u4ed6\u4eec\u7684\u5a5a\u793c\u5417\uff1f",
        "15": "Are you married? \u4f60\u7ed3\u5a5a\u4e86\u5417?",
        "18": "Are you okay? \u4f60\u8fd8\u597d\u5417\uff1f",
        "21": "Are you sick? \u4f60\u75c5\u4e86\u5417\uff1f",
        "24": "Behind the bank. \u5728\u94f6\u884c\u540e\u9762\u3002",
        "27": "Can I borrow some money? \u6211\u80fd\u501f\u70b9\u94b1\u5417\uff1f",
        "30": "Can I have the bill please? \u8bf7\u7ed9\u6211\u5e10\u5355\u597d\u5417\uff1f",
        "33": "Can you call back later? \u4f60\u80fd\u7a0d\u540e\u518d\u6253\u8fc7\u6765\u5417\uff1f",
        "36": "Can you call me back later? \u4f60\u80fd\u7a0d\u540e\u518d\u6253\u8fc7\u6765\u5417\uff1f",
        "39": "Can you carry this for me? \u4f60\u80fd\u5e2e\u6211\u62ff\u4e00\u4e0b\u5417\uff1f",
        "42": "Can you fix this? \u4f60\u80fd\u4fee\u8fd9\u4e2a\u5417\uff1f",
        "45": "Can you give me an example? \u4f60\u80fd\u7ed9\u6211\u4e3e\u4e2a\u4f8b\u5b50\u5417\uff1f",
        "48": "Can you speak louder please? \u8bf7\u5927\u58f0\u4e00\u70b9\uff0c\u597d\u5417\uff1f",
        "51": "Can you swim? \u4f60\u4f1a\u6e38\u6cf3\u5417\uff1f",
        "54": "Does he like the school? \u4ed6\u559c\u6b22\u8fd9\u4e2a\u5b66\u6821\u5417\uff1f",
        "57": "Do you accept U.S. Dollars? \u4f60\u4eec\u6536 \u7f8e\u5143\u5417\uff1f",
        "60": "Do you have a girlfriend? \u4f60\u6709\u5973\u670b\u53cb\u5417\uff1f",
        "63": "Do you have an appointment? \u4f60\u6709\u7ea6\u4f1a\u5417\uff1f",
        "66": "Do you have a problem? \u4f60\u6709\u95ee\u9898\u5417\uff1f",
        "69": "Do you hear that? \u4f60\u542c\u8bf4\u4e86\u5417\uff1f",
        "72": "Do you know how to get to the Marriott Hotel? \u4f60\u77e5\u9053\u600e\u4e48\u53bb\u739b\u745e\u963f\u7279\u996d\u5e97\u5417\uff1f",
        "75": "Do you know what this means? \u4f60\u77e5\u9053\u8fd9\u662f\u4ec0\u4e48\u610f\u601d\u5417\uff1f",
        "78": "Do you know where I can get a taxi? \u4f60\u77e5\u9053\u5728\u54ea\u513f\u80fd\u6253\u5230\u7684\u5417\uff1f",
        "81": "Do you know where my glasses are? \u4f60\u77e5\u9053\u6211\u7684\u773c\u955c\u5728\u54ea\u513f\u5417\uff1f",
        "84": "Do you like your co-workers? \u4f60\u559c\u6b22\u4f60\u7684\u540c\u4e8b\u5417\uff1f",
        "87": "Do you need anything else? \u4f60\u8fd8\u9700\u8981\u522b\u7684\u4e1c\u897f\u5417\uff1f",
        "90": "(adsbygoogle = window.adsbygoogle || []).push({});",
        "91": "Do you understand? \u4f60\u660e\u767d\u4e86\u5417\uff1f",
        "94": "Give me the pen. \u628a\u7b14\u9012\u7ed9\u6211\u3002",
        "97": "How do you know? \u4f60\u600e\u4e48\u77e5\u9053\uff1f",
        "100": "How is she? \u5979\u600e\u4e48\u6837\uff1f",
        "103": "How long is it? \u591a\u4e45\uff1f",
        "106": "How many? \u51e0\u4e2a\uff1f",
        "109": "How much is it? \u591a\u5c11\u94b1\uff1f",
        "112": "I have a lot of things to do. \u6211\u6709\u5f88\u591a\u4e8b\u8981\u505a\u3002",
        "115": "In 30 minutes. \u4e09\u5341\u5206\u949f\u4e4b\u540e\u3002",
        "118": "Is anyone else coming? \u8fd8\u6709\u5176\u4ed6\u4eba\u6765\u5417\uff1f",
        "121": "Is everything ok? \u4e00\u5207\u8fd8\u597d\u5417\uff1f",
        "124": "Is it cold outside? \u5916\u9762\u51b7\u5417\uff1f",
        "127": "Is it far from here? \u79bb\u8fd9\u91cc\u8fdc\u5417\uff1f",
        "130": "Is it hot? \u70ed\u5417\uff1f",
        "133": "Is it raining? \u5728\u4e0b\u96e8\u5417\uff1f",
        "136": "Is there anything cheaper? \u6709\u66f4\u4fbf\u5b9c\u7684\u5417\uff1f",
        "139": "Is your son here? \u4f60\u513f\u5b50\u5728\u8fd9\u91cc\u5417\uff1f",
        "142": "Should I wait? \u8981\u6211\u7b49\u5417\uff1f",
        "145": "The big one or the small one? \u662f\u5927\u7684\u8fd8\u662f\u5c0f\u7684\uff1f",
        "148": "The cars are American. \u8fd9\u4e9b\u662f\u7f8e\u56fd\u8f66\u3002",
        "151": "Were there any problems? \u51fa\u4e86\u4ec0\u4e48\u95ee\u9898\u5417\uff1f",
        "154": "Were you at the library last night? \u4f60\u6628\u5929\u665a\u4e0a\u5728\u56fe\u4e66\u9986\u5417\uff1f",
        "157": "What are you doing? \u4f60\u5728\u5e72\u4ec0\u4e48\uff1f",
        "160": "What are you thinking about? \u4f60\u5728\u60f3\u4ec0\u4e48\uff1f",
        "163": "What are you two talking about? \u4f60\u4eec\u4e24\u4f4d\u5728\u8c08\u4ec0\u4e48\uff1f",
        "166": "What did you do last night? \u4f60\u6628\u5929\u665a\u4e0a\u5728\u5e72\u4ec0\u4e48\uff1f",
        "169": "What did you do yesterday? \u4f60\u6628\u5929\u5728\u5e72\u4ec0\u4e48\uff1f",
        "172": "What did you think? \u4f60\u5f53\u65f6\u662f\u600e\u4e48\u60f3\u7684\uff1f",
        "175": "What do they study? \u4ed6\u4eec\u5728\u5b66\u4ec0\u4e48\uff1f",
        "178": "What do you have? \u4f60\u6709\u4ec0\u4e48\uff1f",
        "181": "(adsbygoogle = window.adsbygoogle || []).push({});",
        "182": "What do you think? \u4f60\u662f\u600e\u4e48\u8ba4\u4e3a\u5462\uff1f",
        "185": "What happened? \u53d1\u751f\u4ec0\u4e48\u4e8b\u60c5\u4e86\uff1f",
        "188": "What is it? \u8fd9\u662f\u4ec0\u4e48\uff1f",
        "191": "What is that? \u90a3\u662f\u4ec0\u4e48\uff1f",
        "194": "What should I wear? \u6211\u8be5\u7a7f\u4ec0\u4e48\u6837\u8863\u670d\uff1f",
        "197": "What's in it? \u91cc\u9762\u662f\u4ec0\u4e48\uff1f",
        "200": "What's the temperature? \u6c14\u6e29\u6709\u591a\u9ad8\uff1f",
        "203": "What's this? \u8fd9\u662f\u4ec0\u4e48\uff1f",
        "206": "What's up? \u600e\u4e48\u5566\uff1f",
        "209": "Where are you from? \u4f60\u662f\u54ea\u91cc\u4eba\uff1f",
        "212": "Where can I rent a car? \u54ea\u513f\u53ef\u4ee5\u79df\u8f66\uff1f",
        "215": "Where did it happen? \u5728\u54ea\u513f\u53d1\u751f\u7684\uff1f",
        "218": "Where did you learn it? \u4f60\u5728\u54ea\u91cc\u5b66\u7684\uff1f",
        "221": "Where is he? \u4ed6\u5728\u54ea\u91cc\uff1f",
        "224": "Where is he from? \u4ed6\u662f\u54ea\u91cc\u4eba\uff1f",
        "227": "Which is better, the spaghetti or chicken salad? \u610f\u5927\u5229\u9762\u548c\u9e21\u8089\u6c99\u62c9\uff0c\u54ea\u4e2a\u66f4\u597d\u5403\uff1f",
        "230": "Which one do you want? \u4f60\u60f3\u8981\u54ea\u4e2a\uff1f",
        "233": "Which one is cheaper? \u54ea\u4e2a\u66f4\u4fbf\u5b9c\uff1f",
        "236": "Which one is the best? \u54ea\u4e2a\u6700\u597d\uff1f",
        "239": "Which school does he go to? \u4ed6\u4e0a\u54ea\u6240\u5b66\u6821\uff1f",
        "242": "Who are they? \u4ed6\u4eec\u662f\u4ec0\u4e48\u4eba\uff1f",
        "245": "Who are you looking for? \u4f60\u5728\u627e\u8c01\uff1f",
        "248": "Who is it? (Inquiring about who is on the phone) \u8c01\u5728\u6253\u7535\u8bdd\uff1f\uff08\u7535\u8bdd\u7528\u8bed\uff0c\u5f53\u4f60\u63a5\u5230\u7535\u8bdd\u65f6\uff0c\u4f60\u6ca1\u542c\u51fa\u6765\u6765\u7535\u4eba\u7684\u58f0\u97f3\uff0c\u4f60\u53ef\u4ee5\u8fd9\u4e48\u95ee\uff09",
        "251": "Who's calling? \u4f60\u662f\u8c01\uff1f\uff08\u7535\u8bdd\u7528\u8bed\uff0c\u95ee\u6765\u7535\u8005\uff09",
        "254": "Who's that man over there? \u90a3\u8fb9\u90a3\u4e2a\u7537\u4eba\u662f\u8c01\uff1f",
        "257": "Who taught you that? \u90a3\u662f\u8c01\u6559\u4f60\u7684\uff1f",
        "260": "Why did you say that? \u4f60\u4e3a\u4ec0\u4e48\u90a3\u6837\u8bf4\uff1f",
        "263": "Will you pass me the salt please? \u8bf7\u628a\u76d0\u9012\u7ed9\u6211\uff0c\u597d\u5417\uff1f",
        "266": "Will you put this in the car for me? \u8bf7\u5e2e\u6211\u628a\u8fd9\u4e2a\u653e\u5728\u8f66\u91cc\uff0c\u597d\u5417\uff1f",
        "269": "Would you ask him to call me back please? \u8bf7\u544a\u8bc9\u4ed6\u7a0d\u540e\u6253\u8fc7\u6765\uff0c\u597d\u5417\uff1f",
        "272": "(adsbygoogle = window.adsbygoogle || []).push({});",
        "273": "Yes. \u662f\u7684\u3002",
        "276": "You have a very nice car. \u4f60\u7684\u8f66\u771f\u4e0d\u9519\u3002",
        "279": "You look like my sister. \u4f60\u770b\u8d77\u6765\u771f\u50cf\u6211\u59d0\u59d0\u3002"
    },
    "\u5de5\u4f5c": {
        "Link": "http://englishspeak.com/zh-cn/english-phrases?category_key=17",
        "0": "6 dollars per hour. \u6bcf\u5c0f\u65f66\u7f8e\u5143\u3002",
        "3": "Are you waiting for someone? \u4f60\u5728\u7b49\u4eba\u5417\uff1f",
        "6": "Are you working today? \u4f60\u4eca\u5929\u4e0a\u73ed\u5417\uff1f",
        "9": "Bring me my shirt please. \u8bf7\u628a\u6211\u7684\u886c\u886b\u5e26\u6765\u3002",
        "12": "Do you like to watch TV? \u4f60\u559c\u6b22\u770b\u7535\u89c6\u5417\uff1f",
        "15": "Do you like your boss? \u4f60\u559c\u6b22\u4f60\u4eec\u8001\u677f\u5417\uff1f",
        "18": "Have you finished studying? \u4f60\u5b66\u5b8c\u4e86\u5417\uff1f",
        "21": "He's an Engineer. \u4ed6\u662f\u4f4d\u5de5\u7a0b\u5e08\u3002",
        "24": "He's very hard working. \u4ed6\u5de5\u4f5c\u975e\u5e38\u52aa\u529b\u3002",
        "27": "He works at a computer company in New York. \u4ed6\u5728\u7ebd\u7ea6\u4e00\u5bb6\u7535\u8111\u516c\u53f8\u5de5\u4f5c\u3002",
        "30": "How long have you worked here? \u4f60\u5728\u8fd9\u513f\u5de5\u4f5c\u591a\u4e45\u5566\uff1f",
        "33": "How many hours a week do you work? \u4f60\u4e00\u5468\u5de5\u4f5c\u591a\u5c11\u4e2a\u5c0f\u65f6\uff1f",
        "36": "How much money do you have? \u4f60\u6709\u591a\u5c11\u94b1\uff1f",
        "39": "How's the weather? \u5929\u6c14\u600e\u4e48\u6837\uff1f",
        "42": "How was the trip? \u65c5\u9014\u600e\u4e48\u6837\uff1f",
        "45": "I forget. \u6211\u5fd8\u5566\u3002",
        "48": "I'm good. \u6211\u8fd8\u4e0d\u9519\u3002",
        "51": "I'm ready. \u6211\u51c6\u5907\u597d\u5566\u3002",
        "54": "I still have a lot of things to buy. \u6211\u8fd8\u6709\u5f88\u591a\u4e1c\u897f\u8981\u4e70\u3002",
        "57": "I've seen it. \u6211\u770b\u89c1\u4e86\u3002",
        "60": "What does he do for work? \u4ed6\u662f\u5e72\u4ec0\u4e48\u5de5\u4f5c\u7684\uff1f",
        "63": "What does your father do for work? \u4f60\u7236\u4eb2\u662f\u5e72\u4ec0\u4e48\u5de5\u4f5c\u7684\uff1f",
        "66": "What do you do for work? \u4f60\u662f\u505a\u4ec0\u4e48\u5de5\u4f5c\u7684\uff1f",
        "69": "What do your parents do for work? \u4f60\u7236\u6bcd\u662f\u505a\u4ec0\u4e48\u5de5\u4f5c\u7684\uff1f",
        "72": "What's the matter? \u4ec0\u4e48\u4e8b\uff1f",
        "75": "What time do you go to work everyday? \u4f60\u6bcf\u5929\u51e0\u70b9\u53bb\u4e0a\u73ed\uff1f",
        "78": "When do you arrive in the U.S.? \u4f60\u4ec0\u4e48\u65f6\u5019\u5230\u8fbe\u7f8e\u56fd\uff1f",
        "81": "When do you get off work? \u4f60\u4ec0\u4e48\u65f6\u5019\u4e0b\u73ed\uff1f",
        "84": "Where did you put it? \u4f60\u628a\u5b83\u653e\u5728\u54ea\u91cc\u4e86\uff1f",
        "87": "Where does it hurt? \u54ea\u91cc\u75bc\uff1f",
        "90": "(adsbygoogle = window.adsbygoogle || []).push({});",
        "91": "Where do you want to go? \u4f60\u60f3\u53bb\u54ea\u91cc\uff1f"
    },
    "\u5929\u6c14": {
        "Link": "http://englishspeak.com/zh-cn/english-phrases?category_key=18",
        "0": "Come here. \u5230\u8fd9\u8fb9\u6765\u3002",
        "3": "Does it often snow in the winter in Massachusetts? \u9a6c\u8428\u8bf8\u585e\u5dde\u7684\u51ac\u5929\u7ecf\u5e38\u4e0b\u96ea\u5417\uff1f",
        "6": "Do you think it'll rain today? \u4f60\u89c9\u5f97\u4eca\u5929\u4f1a\u4e0b\u96e8\u5417\uff1f",
        "9": "Do you think it's going to rain tomorrow? \u4f60\u89c9\u5f97\u660e\u5929\u4f1a\u4e0b\u96e8\u5417\uff1f",
        "12": "How's business? \u751f\u610f\u8fd8\u597d\u5427\uff1f",
        "15": "Is it close? \u5728\u8fd9\u9644\u8fd1\u5417\uff1f",
        "18": "Is it possible? \u53ef\u80fd\u5417\uff1f",
        "21": "Is it ready? \u51c6\u5907\u597d\u4e86\u5417\uff1f",
        "24": "It costs 20 dollars per hour. \u6bcf\u5c0f\u65f6\u7684\u8d39\u7528\u662f\u4e8c\u5341\u7f8e\u5143\u3002",
        "27": "It hurts here. \u8fd9\u513f\u75db\u3002",
        "30": "It's far from here. \u79bb\u8fd9\u91cc\u5f88\u8fdc\u3002",
        "33": "It's going to be hot today. \u4eca\u5929\u4f1a\u5f88\u70ed\u3002",
        "36": "It's north of here. \u5728\u8fd9\u513f\u7684\u5317\u9762\u3002",
        "39": "It's over there. \u5728\u90a3\u91cc\u3002",
        "42": "It's raining. \u6b63\u5728\u4e0b\u96e8\u3002",
        "45": "It's too late. \u592a\u665a\u5566\u3002",
        "48": "It's very important. \u8fd9\u4e2a\u5f88\u91cd\u8981\u3002",
        "51": "It will arrive shortly. \u5f88\u5feb\u5c31\u4f1a\u5230\u4e86\u3002",
        "54": "The roads are slippery. \u8def\u4e0a\u5f88\u6ed1\u3002",
        "57": "What's the room rate? \u4e00\u4e2a\u623f\u95f4\u591a\u5c11\u94b1\uff1f",
        "60": "What will the weather be like tomorrow? \u660e\u5929\u5929\u6c14\u5982\u4f55\uff1f"
    },
    "\u52a8\u8bcd": {
        "Link": "http://englishspeak.com/zh-cn/english-phrases?category_key=19"
    },
    "\u4e0d\u5206\u79cd\u7c7b": {
        "Link": "http://englishspeak.com/zh-cn/english-phrases?category_key=20",
        "0": "Amy is John's girlfriend. \u827e\u7c73\u662f\u7ea6\u7ff0\u7684\u5973\u670b\u53cb\u3002",
        "3": "He always does that for me. \u4ed6\u7ecf\u5e38\u4e3a\u6211\u8fd9\u6837\u505a\u3002",
        "6": "He broke the window. \u4f60\u6253\u7834\u4e86\u7a97\u6237\u3002",
        "9": "He doesn't look like a nurse. \u4ed6\u770b\u4e0a\u53bb\u4e0d\u50cf\u62a4\u58eb\u3002",
        "12": "He has a nice car. \u4ed6\u6709\u4e00\u8f86\u4e0d\u9519\u7684\u6c7d\u8f66\u3002",
        "15": "He never gives me anything. \u4ed6\u4ece\u6765\u6ca1\u7ed9\u8fc7\u6211\u4ec0\u4e48\u3002",
        "18": "He said this is a nice place. \u4ed6\u8bf4\u8fc7\u8fd9\u662f\u4e2a\u597d\u5730\u65b9\u3002",
        "21": "He's an American. \u4ed6\u662f\u7f8e\u56fd\u4eba\u3002",
        "24": "He's a very good student. \u4ed6\u662f\u4e00\u4e2a\u5f88\u597d\u7684\u5b66\u751f\u3002",
        "27": "He's faster than me. \u4ed6\u6bd4\u6211\u5feb\u3002",
        "30": "He thinks we don't want to go. \u4ed6\u8ba4\u4e3a\u6211\u4eec\u4e0d\u60f3\u53bb\u3002",
        "33": "His room is very small. \u4ed6\u7684\u623f\u95f4\u5f88\u5c0f\u3002",
        "36": "His son. \u4ed6\u7684\u513f\u5b50\u3002",
        "39": "How are your parents? \u4f60\u7236\u6bcd\u597d\u5417\uff1f",
        "42": "How do I use this? \u8fd9\u4e2a\u600e\u4e48\u7528\uff1f",
        "45": "I came with my family. \u6211\u4e0e\u5bb6\u4eba\u4e00\u8d77\u6765\u7684\u3002",
        "48": "I'd like to exchange this for Dollars. \u6211\u60f3\u6362\u70b9\u7f8e\u5143\u3002",
        "51": "I'd like to use the internet \u6211\u60f3\u4e0a\u7f51\u3002",
        "54": "I don't have time right now. \u6211\u73b0\u5728\u6ca1\u6709\u65f6\u95f4\u3002",
        "57": "I don't know. \u6211\u4e0d\u77e5\u9053\u3002",
        "60": "I have money. \u6211\u6709\u94b1\u3002",
        "63": "I haven't had lunch yet. \u6211\u8fd8\u6ca1\u5403\u5348\u996d\u3002",
        "66": "I have to go to the post office. \u6211\u5f97\u53bb\u90ae\u5c40\u4e86\u3002",
        "69": "I like Italian food. \u6211\u559c\u6b22\u610f\u5927\u5229\u98df\u7269\u3002",
        "72": "I live in California. \u6211\u96b9\u5728\u52a0\u5229\u798f\u5c3c\u4e9a\u3002",
        "75": "I'll talk to you soon. \u6211\u5f85\u4f1a\u513f\u518d\u8ddf\u4f60\u804a\u3002",
        "78": "I made a mistake. \u6211\u641e\u9519\u4e86\u3002\uff08\u6211\u72af\u4e86\u4e00\u4e2a\u9519\u8bef\uff09",
        "81": "I'm bored. \u6211\u611f\u5230\u65e0\u804a\u3002",
        "84": "I'm going to America next year. \u6211\u51c6\u5907\u660e\u5e74\u53bb\u7f8e\u56fd\u3002",
        "87": "I'm going to go have dinner. \u6211\u51c6\u5907\u53bb\u5403\u665a\u996d\u3002",
        "90": "(adsbygoogle = window.adsbygoogle || []).push({});",
        "91": "I'm tired. \u6211\u7d2f\u5566\u3002",
        "94": "I'm very well, thank you. \u6211\u5f88\u597d\uff0c\u8c22\u8c22\u4f60\uff01",
        "97": "I need another key. \u6211\u9700\u8981\u53e6\u4e00\u628a\u94a5\u5319\u3002",
        "100": "I need this to get there by tomorrow. \u6211\u8fd9\u4e2a\u660e\u5929\u8981\u9001\u5230\u3002",
        "103": "I need to go now. \u6211\u73b0\u5728\u5fc5\u987b\u8d70\u4e86\u3002",
        "106": "Is it suppose to rain tomorrow? \u660e\u5929\u4f1a\u4e0b\u96e8\u5417\uff1f",
        "109": "Is John there please? (phone call) \u7ea6\u7ff0\u5728\u5417\uff1f\uff08\u7535\u8bdd\uff09",
        "112": "Is this a safe area? \u8fd9\u91cc\u662f\u5b89\u5168\u533a\u5417\uff1f",
        "115": "Is this Mr. Smith? \u662f\u53f2\u5bc6\u65af\u5148\u751f\u5417\uff1f",
        "118": "Is this the bus to New York? \u8fd9\u662f\u53bb\u7ebd\u7ea6\u7684\u516c\u5171\u6c7d\u8f66\u5417\uff1f",
        "121": "Is this your book? \u8fd9\u662f\u4f60\u7684\u4e66\u5417\uff1f",
        "124": "I still have to brush my teeth and take a shower. \u6211\u8fd8\u9700\u8981\u5237\u7259\u6d17\u6fa1\u3002",
        "127": "Is your father home? \u4f60\u7236\u4eb2\u5728\u5bb6\u5417\uff1f",
        "130": "I think so. \u6211\u8fd9\u4e48\u8ba4\u4e3a\u3002",
        "133": "I think those shoes are very good looking. \u6211\u60f3\u90a3\u4e9b\u978b\u5b50\u5f88\u597d\u770b\u3002",
        "136": "It's very windy. \u98ce\u5f88\u5927\u3002",
        "139": "It takes 2 hours by car. \u5750\u6c7d\u8f66\u8981 \u4e24\u4e2a\u5c0f\u65f6\u3002",
        "142": "I've never done that. \u6211\u4ece\u6ca1\u505a\u8fc7\u90a3\u4e8b\u513f\u3002",
        "145": "I've worked there for five years. \u6211\u5728\u90a3\u513f\u5de5\u4f5c\u4e86\u4e94\u5e74\u3002",
        "148": "I want to buy something. \u6211\u60f3\u4e70\u4e9b\u4e1c\u897f\u3002",
        "151": "I want to contact our embassy. \u6211\u60f3\u4e0e\u6211\u4eec\u7684\u5927\u4f7f\u9986\u8054\u7cfb\u3002",
        "154": "I want to send this package to the United States. \u6211\u60f3\u628a\u8fd9\u4e2a\u5305\u88f9\u5bc4\u5230\u7f8e\u56fd\u3002",
        "157": "I want to show you something. \u6211\u60f3\u7ed9\u4f60\u770b\u70b9\u4e1c\u897f\u3002",
        "160": "I went to the supermarket, and then to the computer store. \u6211\u5148\u53bb\u4e86\u8d85\u5e02\uff0c\u7136\u540e\u53bb\u4e86\u7535\u8111\u5546\u5e97\u3002",
        "163": "My car isn't working. \u6211\u7684\u6c7d\u8f66\u574f\u5566\u3002",
        "166": "Nobody is helping us. \u6ca1\u4eba\u5e2e\u52a9\u6211\u4eec\u3002",
        "169": "Nobody is there right now. \u73b0\u5728\u90a3\u91cc\u6ca1\u4eba\u3002",
        "172": "One like that. \u8c61\u90a3\u6837\u7684\u3002",
        "175": "Open the door. \u5f00\u95e8\u3002",
        "178": "Open the window. \u5f00\u7a97\u6237\u3002",
        "181": "(adsbygoogle = window.adsbygoogle || []).push({});",
        "182": "Pick up your clothes. \u6361\u8d77\u4f60\u7684\u8863\u670d\u3002",
        "185": "Please. \u8bf7\u3002",
        "188": "Please count this for me. \u8bf7\u5e2e\u6211\u6570\u4e00\u6570\u3002",
        "191": "Please tell her John called. \u8bf7\u544a\u8bc9\u5979\u7ea6\u7ff0\u6765\u8fc7\u7535\u8bdd\u3002",
        "194": "Please tell me. \u8bf7\u544a\u8bc9\u6211\u3002",
        "197": "Please wait for me. \u8bf7\u7b49\u7b49\u6211\u3002",
        "200": "She's going with me tomorrow. \u5979\u660e\u5929\u8ddf\u6211\u4e00\u8d77\u53bb\u3002",
        "203": "Some books. \u4e00\u4e9b\u4e66\u3002",
        "206": "Someone does that for me. \u6709\u4eba\u66ff\u6211\u505a\u3002",
        "209": "Someone is coming. \u6709\u4eba\u6765\u4e86\u3002",
        "212": "Sorry, I don't have a pencil. \u5bf9\u4e0d\u8d77\uff0c\u6211\u6ca1\u6709\u94c5\u7b14\u3002",
        "215": "Start the car. \u53d1\u52a8\u6c7d\u8f66\u3002",
        "218": "Take me downtown. \u5e26\u6211\u53bb\u5e02\u533a\u3002",
        "221": "Tell him that I need to talk to him. \u544a\u8bc9\u4ed6\u6211\u60f3\u8ddf\u4ed6\u8c08\u8bdd",
        "224": "That car over there is mine. \u90a3\u8fb9\u7684\u90a3\u8f86\u8f66\u662f\u6211\u7684\u3002",
        "227": "That looks old. \u90a3\u4e2a\u770b\u8d77\u6765\u65e7\u4e86\u3002",
        "230": "That's a good school. \u90a3\u662f\u4e00\u6240\u597d\u5b66\u6821\u3002",
        "233": "That's her book. \u90a3\u662f\u5979\u7684\u4e66\u3002",
        "236": "That's not enough. \u90a3\u8fd8\u4e0d\u591f\u3002",
        "239": "The car is fixed. \u6c7d\u8f66\u4fee\u597d\u4e86\u3002",
        "242": "These books are ours. \u8fd9\u4e9b\u4e66\u662f\u6211\u4eec\u7684\u3002",
        "245": "The TV is broken. \u7535\u89c6\u673a\u574f\u4e86\u3002",
        "248": "They haven't met her yet. \u4ed6\u4eec\u8fd8\u6ca1\u89c1\u8fc7\u5979\u3002",
        "251": "They're planning to come next year. \u4ed6\u4eec\u51c6\u5907\u660e\u5e74\u6765\u3002",
        "254": "They're waiting for us. \u4ed6\u4eec\u5728\u7b49\u6211\u4eec\u3002",
        "257": "This room is a mess. \u8fd9\u623f\u95f4\u5f88\u4e71\u3002",
        "260": "Those men are speaking English. \u90a3\u4e9b\u4eba\u5728\u8bf4\u82f1\u8bed\u3002",
        "263": "What color is that car? \u90a3\u8f86\u8f66\u662f\u4ec0\u4e48\u989c\u8272\uff1f",
        "266": "What do you think of these shoes? \u4f60\u8ba4\u4e3a\u8fd9\u4e9b\u978b\u600e\u4e48\u6837\uff1f",
        "269": "When would you like to meet? \u4f60\u60f3\u4ec0\u4e48\u65f6\u5019\u89c1\u9762\uff1f",
        "272": "(adsbygoogle = window.adsbygoogle || []).push({});",
        "273": "Where does your wife work? \u4f60\u59bb\u5b50\u5728\u54ea\u91cc\u5de5\u4f5c\uff1f",
        "276": "Where is Main Street? \u4e3b\u8857\u5728\u54ea\u513f\uff1f",
        "279": "Where is my shirt? \u6211\u7684\u886c\u8863\u5728\u54ea\u91cc\uff1f",
        "282": "Where is the bus station? \u516c\u5171\u6c7d\u8f66\u7ad9\u5728\u54ea\u91cc\uff1f",
        "285": "Which road should I take? \u6211\u8be5\u8d70\u54ea\u6761\u8def\uff1f",
        "288": "You're right. \u4f60\u662f\u5bf9\u7684\u3002",
        "291": "Your house is very nice. \u4f60\u7684\u623f\u5b50\u5f88\u597d\u3002"
    }
}