{
    "Common expressions": {
        "Link": "http://englishspeak.com/en/english-phrases?category_key=1",
        "0": "Be careful.",
        "1": "Be careful driving.",
        "2": "Can you translate this for me?",
        "3": "Chicago is very different from Boston.",
        "4": "Don't worry.",
        "5": "Everyone knows it.",
        "6": "Everything is ready.",
        "7": "Excellent.",
        "8": "From time to time.",
        "9": "Good idea.",
        "10": "He likes it very much.",
        "11": "Help!",
        "12": "He's coming soon.",
        "13": "He's right.",
        "14": "He's very annoying.",
        "15": "He's very famous.",
        "16": "How are you?",
        "17": "How's work going?",
        "18": "Hurry!",
        "19": "I ate already.",
        "20": "I can't hear you.",
        "21": "I'd like to go for a walk.",
        "22": "I don't know how to use it.",
        "23": "I don't like him.",
        "24": "I don't like it.",
        "25": "I don't speak very well.",
        "26": "I don't understand.",
        "27": "I don't want it.",
        "28": "I don't want that.",
        "29": "I don't want to bother you.",
        "30": "I feel good.",
        "31": "If you need my help, please let me know.",
        "32": "I get off of work at 6.",
        "33": "I have a headache.",
        "34": "I hope you and your wife have a nice trip.",
        "35": "I know.",
        "36": "I like her.",
        "37": "I'll call you when I leave.",
        "38": "I'll come back later.",
        "39": "I'll pay.",
        "40": "I'll take it.",
        "41": "I'll take you to the bus stop.",
        "42": "I lost my watch.",
        "43": "I love you.",
        "44": "I'm an American.",
        "45": "I'm cleaning my room.",
        "46": "I'm cold.",
        "47": "I'm coming to pick you up.",
        "48": "I'm going to leave.",
        "49": "I'm good, and you?",
        "50": "I'm happy.",
        "51": "I'm hungry.",
        "52": "I'm married.",
        "53": "I'm not busy.",
        "54": "I'm not married.",
        "55": "I'm not ready yet.",
        "56": "I'm not sure.",
        "57": "I'm sorry, we're sold out.",
        "58": "I'm thirsty.",
        "59": "I'm very busy. I don't have time now.",
        "60": "I need to change clothes.",
        "61": "I need to go home.",
        "62": "I only want a snack.",
        "63": "Is Mr. Smith an American?",
        "64": "Is that enough?",
        "65": "I think it's very good.",
        "66": "I think it tastes good.",
        "67": "I thought the clothes were cheaper.",
        "68": "It's longer than 2 miles.",
        "69": "I've been here for two days.",
        "70": "I've heard Texas is a beautiful place.",
        "71": "I've never seen that before.",
        "72": "I was about to leave the restaurant when my friends arrived.",
        "73": "Just a little.",
        "74": "Just a moment.",
        "75": "Let me check.",
        "76": "Let me think about it.",
        "77": "Let's go have a look.",
        "78": "Let's practice English.",
        "79": "May I speak to Mrs. Smith please?",
        "80": "More than that.",
        "81": "Never mind.",
        "82": "Next time.",
        "83": "No.",
        "84": "Nonsense.",
        "85": "No, thank you.",
        "86": "Nothing else.",
        "87": "Not recently.",
        "88": "Not yet.",
        "89": "Of course.",
        "90": "Okay.",
        "91": "Please fill out this form.",
        "92": "Please take me to this address.",
        "93": "Please write it down.",
        "94": "Really?",
        "95": "Right here.",
        "96": "Right there.",
        "97": "See you later.",
        "98": "See you tomorrow.",
        "99": "See you tonight.",
        "100": "She's pretty.",
        "101": "Sorry to bother you.",
        "102": "Stop!",
        "103": "Take a chance.",
        "104": "Take it outside.",
        "105": "Tell me.",
        "106": "Thanks for everything.",
        "107": "Thanks for your help.",
        "108": "Thank you.",
        "109": "Thank you miss.",
        "110": "Thank you sir.",
        "111": "Thank you very much.",
        "112": "That looks great.",
        "113": "That's alright.",
        "114": "That's enough.",
        "115": "That's fine.",
        "116": "That's it.",
        "117": "That smells bad.",
        "118": "That's not fair.",
        "119": "That's not right.",
        "120": "That's right.",
        "121": "That's too bad.",
        "122": "That's too many.",
        "123": "That's too much.",
        "124": "The book is under the table.",
        "125": "They'll be right back.",
        "126": "They're the same.",
        "127": "They're very busy.",
        "128": "This doesn't work.",
        "129": "This is very difficult.",
        "130": "This is very important.",
        "131": "Try it.",
        "132": "Very good, thanks.",
        "133": "We like it very much.",
        "134": "Would you take a message please?",
        "135": "Yes, really.",
        "136": "You're beautiful.",
        "137": "You're very nice.",
        "138": "You're very smart.",
        "139": "Your things are all here."
    },
    "Greetings": {
        "Link": "http://englishspeak.com/en/english-phrases?category_key=2",
        "0": "Certainly!",
        "1": "Good afternoon.",
        "2": "Good evening sir.",
        "3": "Good Luck.",
        "4": "Good morning.",
        "5": "Great.",
        "6": "Happy Birthday.",
        "7": "Have a good trip.",
        "8": "Hello.",
        "9": "Nice to meet you",
        "10": "Please call me."
    },
    "Travel, directions": {
        "Link": "http://englishspeak.com/en/english-phrases?category_key=3",
        "0": "About 300 kilometers.",
        "1": "A one way ticket.",
        "2": "Are you going to help her?",
        "3": "A round trip ticket.",
        "4": "At what time?",
        "5": "Can I make an appointment for next Wednesday?",
        "6": "Can you repeat that please?",
        "7": "Does this road go to New York?",
        "8": "Do you have enough money?",
        "9": "Do you know how to cook?",
        "10": "Do you know what this says?",
        "11": "Do you want me to come and pick you up?",
        "12": "Follow me.",
        "13": "From here to there.",
        "14": "Go straight ahead.",
        "15": "Have you arrived?",
        "16": "Have you been to Boston?",
        "17": "How do I get there?",
        "18": "How do I get to Daniel Street?",
        "19": "How do I get to the American Embassy?",
        "20": "How long does it take by car?",
        "21": "How long does it take to get to Georgia?",
        "22": "How long is the flight?",
        "23": "How was the movie?",
        "24": "I'd like to make a phone call.",
        "25": "I'd like to make a reservation.",
        "26": "I have a question I want to ask you./ I want to ask you a question.",
        "27": "I'll take that one also.",
        "28": "I'm coming right now.",
        "29": "I'm going home in four days.",
        "30": "I'm leaving Tomorrow.",
        "31": "I'm looking for the post office.",
        "32": "Is this pen yours?",
        "33": "I wish I had one.",
        "34": "One ticket to New York please.",
        "35": "One way or round trip?",
        "36": "Please speak slower.",
        "37": "Please take me to the airport.",
        "38": "That way.",
        "39": "The plane departs at 5:30P.",
        "40": "They arrived yesterday.",
        "41": "Turn around.",
        "42": "Turn left.",
        "43": "Turn right.",
        "44": "What time are you going to the bus station?",
        "45": "When did this happen?",
        "46": "When did you arrive in Boston?",
        "47": "When does he arrive?",
        "48": "When does it arrive?",
        "49": "When does the bank open?",
        "50": "When does the bus leave?",
        "51": "When do we arrive?",
        "52": "When do we leave?",
        "53": "Where can I mail this?",
        "54": "Where is she from?",
        "55": "Where is the bathroom?",
        "56": "Why not?",
        "57": "Will you remind me?"
    },
    "Numbers and money": {
        "Link": "http://englishspeak.com/en/english-phrases?category_key=4",
        "0": "11 dollars.",
        "1": "52 cents.",
        "2": "A few.",
        "3": "A little.",
        "4": "Call the police.",
        "5": "Did your wife like California?",
        "6": "Do you have any coffee?",
        "7": "Do you have anything cheaper?",
        "8": "Do you take credit cards?",
        "9": "How are you paying?",
        "10": "How many people are there in New York?",
        "11": "How much are these earrings?",
        "12": "How much does it cost per day?",
        "13": "How much does this cost?",
        "14": "How much do I owe you?",
        "15": "How much is it to go to Miami?",
        "16": "How much money do you make?",
        "17": "I'd like to eat at 5th street restaurant.",
        "18": "I don't have a girlfriend.",
        "19": "I don't have any money.",
        "20": "I have a reservation.",
        "21": "I'll have the same thing.",
        "22": "I'll pay for dinner.",
        "23": "I'll pay for the tickets.",
        "24": "I'm 26 years old.",
        "25": "I need to practice my English.",
        "26": "Isn't it?",
        "27": "Is that ok?",
        "28": "Is there any mail for me?",
        "29": "It's 11:30pm.",
        "30": "It's is a quarter past nine.",
        "31": "Please come in.",
        "32": "Sorry, we don't accept credit cards.",
        "33": "Sorry, we only accept Cash.",
        "34": "That restaurant is not expensive.",
        "35": "That's too expensive.",
        "36": "There are many people here.",
        "37": "They charge 26 dollars per day.",
        "38": "What's the exchange rate for dollars?",
        "39": "What's the phone number?",
        "40": "Where can I buy tickets?",
        "41": "Where would you like to meet?",
        "42": "Which one is better?"
    },
    "Location": {
        "Link": "http://englishspeak.com/en/english-phrases?category_key=5",
        "0": "Across from the post office.",
        "1": "At 3 o'clock.",
        "2": "Be quiet.",
        "3": "Can you recommend a good restaurant?",
        "4": "Here it is.",
        "5": "Here you are.",
        "6": "He's in the kitchen.",
        "7": "He studies at Boston University.",
        "8": "How far is it?",
        "9": "How far is it to Chicago?",
        "10": "How many miles is it to Pennsylvania?",
        "11": "I'd like a single room.",
        "12": "I like to watch TV.",
        "13": "It's delicious!",
        "14": "It's half past 11.",
        "15": "It's less than 5 dollars.",
        "16": "It's more than 5 dollars.",
        "17": "It's near the Supermarket.",
        "18": "it's not suppose to rain today.",
        "19": "It's ok.",
        "20": "It's on 7th street.",
        "21": "It's really hot.",
        "22": "It's suppose to rain tomorrow.",
        "23": "I was going to the library.",
        "24": "I was in the library.",
        "25": "Let's go.",
        "26": "Maybe.",
        "27": "More than 200 miles.",
        "28": "My house is close to the bank.",
        "29": "Near the bank.",
        "30": "On the left.",
        "31": "On the right.",
        "32": "On the second floor.",
        "33": "Outside the hotel.",
        "34": "Over here.",
        "35": "Over there.",
        "36": "The book is behind the table.",
        "37": "The book is in front of the table.",
        "38": "The book is near the table.",
        "39": "The book is next to the table.",
        "40": "The book is on top of the table.",
        "41": "There are some books on the table.",
        "42": "There's a book under the table.",
        "43": "We're from California.",
        "44": "What's the address?",
        "45": "Where are you going?",
        "46": "Where is it?",
        "47": "Where would you like to go?",
        "48": "Who won?"
    },
    "Phone/internet/mail": {
        "Link": "http://englishspeak.com/en/english-phrases?category_key=6",
        "0": "Can I see your passport please?",
        "1": "Can I take a message?",
        "2": "Can I try it on?",
        "3": "Can we sit over there?",
        "4": "Did you come with your family?",
        "5": "Do you think it's possible?",
        "6": "Here's my number.",
        "7": "He's not in right now.",
        "8": "Hi, is Mrs. Smith there, please?",
        "9": "I'd like some water too, please.",
        "10": "I'd like to buy a bottle of water, please.",
        "11": "I'd like to buy something.",
        "12": "I'd like to go to the store.",
        "13": "I'd like to rent a car.",
        "14": "I'd like to send a fax.",
        "15": "I'd like to send this to America.",
        "16": "I'd like to speak to Mr. Smith please.",
        "17": "I have three children, two girls and one boy.",
        "18": "I'll be right back.",
        "19": "I'll call back later.",
        "20": "I'll call you on Friday.",
        "21": "I'll teach you.",
        "22": "I'm ok.",
        "23": "I need some tissues.",
        "24": "Is there an English speaking guide?",
        "25": "I want to give you a gift.",
        "26": "Male or female?",
        "27": "My cell phone doesn't have good reception.",
        "28": "My cell phone doesn't work.",
        "29": "Please take off your shoes.",
        "30": "Sorry, I think I have the wrong number.",
        "31": "What is the area code?",
        "32": "What's the name of the company you work for?",
        "33": "What's wrong?",
        "34": "What's your address?",
        "35": "Where can I find a hospital?",
        "36": "Where's the closest restaurant?",
        "37": "Where's the pharmacy?",
        "38": "Who are you?",
        "39": "Who is that?",
        "40": "Who would you like to speak to?",
        "41": "Will you take me home?",
        "42": "Would you like water or milk?"
    },
    "Time and dates": {
        "Link": "http://englishspeak.com/en/english-phrases?category_key=7",
        "0": "11 days ago.",
        "1": "2 hours.",
        "2": "All day.",
        "3": "A long time ago.",
        "4": "Are they coming this evening?",
        "5": "Are you comfortable?",
        "6": "Are your children with you?",
        "7": "As soon as possible.",
        "8": "At 3 o'clock in the afternoon.",
        "9": "At 5th street.",
        "10": "At 7 o'clock at night. (evening)?",
        "11": "At 7 o'clock in the morning.",
        "12": "At what time did it happen?",
        "13": "Can I help you?",
        "14": "Do you have a swimming pool?",
        "15": "Do you have this in size 11?",
        "16": "Do you think you'll be back by 11:30?",
        "17": "Everyday I get up at 6AM.",
        "18": "Every week.",
        "19": "Expiration date.",
        "20": "Have you been waiting long?",
        "21": "He'll be back in 20 minutes.",
        "22": "His family is coming tomorrow.",
        "23": "How about Saturday?",
        "24": "How long are you going to stay?",
        "25": "How long are you going to stay in California?",
        "26": "How long will it take?",
        "27": "How much altogether?",
        "28": "How much will it cost?",
        "29": "I don't have enough money.",
        "30": "I'm getting ready to go out.",
        "31": "I'm just looking. (Shopping)",
        "32": "I'm worried too.",
        "33": "It'll be cold this evening.",
        "34": "It rained very hard today.",
        "35": "It's 17 dollars.",
        "36": "It's 6AM.",
        "37": "It's 8:45.",
        "38": "It's a quarter to 7.",
        "39": "It's going to snow today.",
        "40": "It's here.",
        "41": "It's there.",
        "42": "I've already seen it.",
        "43": "John is going on vacation tomorrow.",
        "44": "My birthday is August 27th.",
        "45": "Now or later?",
        "46": "October 22nd.",
        "47": "She wants to know when you're coming.",
        "48": "Sometimes I go to sleep at 11PM, sometimes at 11:30PM.",
        "49": "There's plenty of time.",
        "50": "The whole day.",
        "51": "We're late.",
        "52": "What day are they coming over?",
        "53": "What day of the week is it?",
        "54": "What is today's date?",
        "55": "What's your religion?",
        "56": "What time are they arriving?",
        "57": "What time did you get up?",
        "58": "What time did you go to sleep?",
        "59": "What time did you wake up?",
        "60": "What time does it start?",
        "61": "What time do you think you'll arrive?",
        "62": "What time is it?",
        "63": "When are they coming?",
        "64": "When are you coming back?",
        "65": "When are you going to pick up your friend?",
        "66": "When are you leaving?",
        "67": "When are you moving?",
        "68": "When is the next bus to Philidalphia?",
        "69": "When is your birthday?",
        "70": "When I went to the store, they didn't have any apples.",
        "71": "When was the last time you talked to your mother?",
        "72": "When will he be back?",
        "73": "When will it be ready?",
        "74": "Where are you going to go?"
    },
    "Accommodations": {
        "Link": "http://englishspeak.com/en/english-phrases?category_key=8",
        "0": "Are you busy?",
        "1": "Can we have some more bread please?",
        "2": "Do you have any money?",
        "3": "For how many nights?",
        "4": "How long will you be staying?",
        "5": "I'd like a map of the city.",
        "6": "I'd like a non-smoking room.",
        "7": "I'd like a room.",
        "8": "I'd like a room with two beds please.",
        "9": "I need a doctor.",
        "10": "Is there a nightclub in town?",
        "11": "Is there a restaurant in the hotel?",
        "12": "Is there a store near here?",
        "13": "Sorry, we don't have any vacancies.",
        "14": "Take me to the Marriott Hotel.",
        "15": "What's the charge per night? (Hotel)",
        "16": "What time is check out?",
        "17": "Where is the airport?",
        "18": "Where's the mail box?"
    },
    "Dining": {
        "Link": "http://englishspeak.com/en/english-phrases?category_key=9",
        "0": "Are you here alone?",
        "1": "Can I bring my friend?",
        "2": "Can I have a receipt please?",
        "3": "Can it be cheaper?",
        "4": "Can we have a menu please.",
        "5": "Can you hold this for me?",
        "6": "Do you have any children?",
        "7": "Do you know how much it costs?",
        "8": "Have you eaten at that restaurant?",
        "9": "Have you eaten yet?",
        "10": "Have you ever had Potato soup?",
        "11": "He likes juice but he doesn't like milk",
        "12": "Here is your salad.",
        "13": "Here's your order.",
        "14": "How does it taste?",
        "15": "How many people? (restaurant)",
        "16": "I agree.",
        "17": "I'd like a table near the window.",
        "18": "I'd like to call the United States.",
        "19": "I haven't been there.",
        "20": "I haven't finished eating.",
        "21": "I like it.",
        "22": "I'll give you a call.",
        "23": "I'll have a cup of tea please.",
        "24": "I'll have a glass of water please.",
        "25": "I'm from America.",
        "26": "I'm going to bed.",
        "27": "I'm here on business.",
        "28": "I'm sorry.",
        "29": "I only have 5 dollars.",
        "30": "I think I need to see a doctor.",
        "31": "It's August 25th.",
        "32": "I understand.",
        "33": "June 3rd.",
        "34": "The food was delicious.",
        "35": "There are some apples in the refrigerator.",
        "36": "There's a restaurant near here.",
        "37": "There's a restaurant over there, but I don't think it's very good.",
        "38": "Waiter!",
        "39": "Waitress!",
        "40": "We can eat Italian or Chinese food.",
        "41": "We'll have two glasses of water please.",
        "42": "What are you going to have?",
        "43": "What do you recommend?",
        "44": "What's your email address?",
        "45": "What would you like to drink?",
        "46": "What would you like to eat?",
        "47": "Where is an ATM?",
        "48": "Where is there a doctor who speaks English?",
        "49": "Which one?",
        "50": "Would you ask him to come here?",
        "51": "Would you like a glass of water?",
        "52": "Would you like coffee or tea?",
        "53": "Would you like something to drink?",
        "54": "Would you like some water?",
        "55": "Would you like some wine?",
        "56": "Would you like to go for a walk?",
        "57": "Would you like to watch TV?"
    },
    "Making friends": {
        "Link": "http://englishspeak.com/en/english-phrases?category_key=10",
        "0": "Are you American?",
        "1": "Are you coming this evening?",
        "2": "Are you free tonight?",
        "3": "Are you going to take a plane or train?",
        "4": "Are you hungry?",
        "5": "Are you sure?",
        "6": "Are you working Tomorrow?",
        "7": "Business is good.",
        "8": "Cheers!",
        "9": "Did it snow yesterday?",
        "10": "Did you get my email?",
        "11": "Did you take your medicine?",
        "12": "Do you feel better?",
        "13": "Do you go to Florida often?",
        "14": "Do you have another one?",
        "15": "Do you know where there's a store that sells towels?",
        "16": "Do you like it here?",
        "17": "Do you like the book?",
        "18": "Do you need anything?",
        "19": "Do you play any sports?",
        "20": "Do you sell medicine? (store)",
        "21": "Do you study English?",
        "22": "Do you want to come with me?",
        "23": "Do you want to go with me?",
        "24": "Excuse me.",
        "25": "Give me a call.",
        "26": "Has your brother been to California?",
        "27": "Have they met her yet?",
        "28": "Have you done this before?",
        "29": "How long have you been here?",
        "30": "How long have you been in America?",
        "31": "How long have you lived here?",
        "32": "How many children do you have?",
        "33": "How many languages do you speak?",
        "34": "How many people do you have in your family?",
        "35": "How much would you like?",
        "36": "How old are you?",
        "37": "I bought a shirt yesterday.",
        "38": "I don't feel well.",
        "39": "I have pain in my arm.",
        "40": "I have to wash my clothes.",
        "41": "I have two sisters.",
        "42": "I'll tell him you called.",
        "43": "I'm 32.",
        "44": "I'm 6'2\".",
        "45": "I'm allergic to seafood.",
        "46": "I'm American.",
        "47": "I'm a size 8.",
        "48": "I'm fine, and you?",
        "49": "I'm not afraid.",
        "50": "I'm sick.",
        "51": "I remember.",
        "52": "I speak a little English.",
        "53": "Is your house like this one?",
        "54": "Is your husband also from Boston?",
        "55": "It's not very expensive.",
        "56": "I've been there.",
        "57": "Let's share.",
        "58": "My daughter is here.",
        "59": "My father has been there.",
        "60": "My father is a lawyer.",
        "61": "My grandmother passed away last year.",
        "62": "My name is John Smith.",
        "63": "My son.",
        "64": "My son studies computers.",
        "65": "No, I'm American.",
        "66": "No, this is the first time.",
        "67": "Our children are in America.",
        "68": "She's an expert.",
        "69": "She's older than me.",
        "70": "That car is similar to my car.",
        "71": "This is Mrs. Smith.",
        "72": "This is my mother.",
        "73": "This is the first time I've been here.",
        "74": "We have two boys and one girl.",
        "75": "What are you going to do tonight?",
        "76": "What are your hobbies?",
        "77": "What do you study?",
        "78": "What do you want to do?",
        "79": "What school did you go to?",
        "80": "What's your favorite movie?",
        "81": "What's your last name?",
        "82": "What's your name?",
        "83": "Where are the t-shirts?",
        "84": "Where did you go?",
        "85": "Where did you learn English?",
        "86": "Where did you work before you worked here?",
        "87": "Where do you live?",
        "88": "Where were you?",
        "89": "Who sent this letter?",
        "90": "Would you like to buy this?",
        "91": "Your children are very well behaved.",
        "92": "Your daughter.",
        "93": "You're smarter than him.",
        "94": "You speak English very well."
    },
    "Entertainment": {
        "Link": "http://englishspeak.com/en/english-phrases?category_key=11",
        "0": "Are there any concerts?",
        "1": "Do you want to go to the movies?",
        "2": "Have you seen this movie?",
        "3": "He said you like to watch movies.",
        "4": "How tall are you?",
        "5": "Is the bank far?",
        "6": "Is there a movie theater nearby?",
        "7": "What do people usually do in the summer in Los Angeles?",
        "8": "What kind of music do you like?",
        "9": "What's your favorite food?",
        "10": "What time does the movie start?",
        "11": "Who was your teacher?",
        "12": "Would you like to have dinner with me?",
        "13": "Would you like to rent a movie?"
    },
    "Shopping": {
        "Link": "http://englishspeak.com/en/english-phrases?category_key=12",
        "0": "Can I have a glass of water please?",
        "1": "Can I use your phone?",
        "2": "Do you have any vacancies?",
        "3": "Do you have the number for a taxi?",
        "4": "Do you know her?",
        "5": "Do you know where she is?",
        "6": "Do you play basketball?",
        "7": "Fill it up, please. (gas station)",
        "8": "He needs some new clothes.",
        "9": "How much is that?",
        "10": "How much is this?",
        "11": "I believe you.",
        "12": "I'd like the number for the Hilton Hotel please.",
        "13": "I'd like to buy a phone card please.",
        "14": "I'd like to go home.",
        "15": "I'd like to go shopping.",
        "16": "If you like it I can buy more.",
        "17": "I'm a beginner.",
        "18": "I'm full.",
        "19": "I'm just kidding.",
        "20": "I'm single.",
        "21": "I speak two languages.",
        "22": "I thought he said something else.",
        "23": "It's not too far.",
        "24": "I usually drink coffee at breakfast.",
        "25": "Sorry, we don't have any.",
        "26": "The books are expensive.",
        "27": "Try it on.",
        "28": "What do you want to buy?",
        "29": "What size?",
        "30": "What time does the store open?",
        "31": "When does the plane arrive?",
        "32": "Where are you?",
        "33": "Would you like something to eat?"
    },
    "Communication difficulties": {
        "Link": "http://englishspeak.com/en/english-phrases?category_key=13",
        "0": "Am I pronouncing it correctly?",
        "1": "Can you do me a favor?",
        "2": "Can you help me?",
        "3": "Can you please say that again?",
        "4": "Can you show me?",
        "5": "Can you throw that away for me?",
        "6": "Does anyone here speak English?",
        "7": "Don't do that.",
        "8": "Do you believe that?",
        "9": "Do you have a pencil?",
        "10": "Do you smoke?",
        "11": "Do you speak English?",
        "12": "Excuse me, what did you say?",
        "13": "Forget it.",
        "14": "How do you pronounce that?",
        "15": "How do you say it in English?",
        "16": "How do you spell it?",
        "17": "How do you spell the word \"Seattle?\"",
        "18": "I can swim.",
        "19": "I can't hear you clearly.",
        "20": "I don't mind.",
        "21": "I don't speak English very well.",
        "22": "I don't think so.",
        "23": "I don't understand what your saying.",
        "24": "Is there air conditioning in the room?",
        "25": "I think you have too many clothes.",
        "26": "I trust you.",
        "27": "I understand now.",
        "28": "Let's meet in front of the hotel.",
        "29": "Please sit down.",
        "30": "Please speak English.",
        "31": "Please speak more slowly.",
        "32": "Sorry, I didn't hear clearly.",
        "33": "That means friend.",
        "34": "That's wrong.",
        "35": "Try to say it.",
        "36": "What does this mean?",
        "37": "What does this say?",
        "38": "What does this word mean?",
        "39": "What's the exchange rate?",
        "40": "Whose book is that?",
        "41": "Why aren't you going?",
        "42": "Why are you laughing?",
        "43": "Why did you do that?"
    },
    "Emergency and health": {
        "Link": "http://englishspeak.com/en/english-phrases?category_key=14",
        "0": "Are you allergic to anything?",
        "1": "Are you ready?",
        "2": "Call me.",
        "3": "Did you send me flowers?",
        "4": "Do you sell batteries?",
        "5": "I don't care.",
        "6": "I give up.",
        "7": "I got in an accident.",
        "8": "I have a cold.",
        "9": "I have one in my car.",
        "10": "I made this cake.",
        "11": "I'm a teacher.",
        "12": "I'm self-employed.",
        "13": "I still have a lot to do.",
        "14": "I still haven't decided.",
        "15": "It depends on the weather.",
        "16": "It's very cold today.",
        "17": "My luggage is missing.",
        "18": "My stomach hurts.",
        "19": "My throat is sore.",
        "20": "My watch has been stolen.",
        "21": "Take this medicine.",
        "22": "The accident happened at the intersection.",
        "23": "There has been a car accident.",
        "24": "Where can I exchange U.S. dollars?",
        "25": "Where do you work?",
        "26": "Where's the nearest hospital?",
        "27": "Where's the post office?"
    },
    "Cultural expressions/terms": {
        "Link": "http://englishspeak.com/en/english-phrases?category_key=15"
    },
    "General questions": {
        "Link": "http://englishspeak.com/en/english-phrases?category_key=16",
        "0": "And you?",
        "1": "Anything else?",
        "2": "Are they the same?",
        "3": "Are you afraid?",
        "4": "Are you going to attend their wedding?",
        "5": "Are you married?",
        "6": "Are you okay?",
        "7": "Are you sick?",
        "8": "Behind the bank.",
        "9": "Can I borrow some money?",
        "10": "Can I have the bill please?",
        "11": "Can you call back later?",
        "12": "Can you call me back later?",
        "13": "Can you carry this for me?",
        "14": "Can you fix this?",
        "15": "Can you give me an example?",
        "16": "Can you speak louder please?",
        "17": "Can you swim?",
        "18": "Does he like the school?",
        "19": "Do you accept U.S. Dollars?",
        "20": "Do you have a girlfriend?",
        "21": "Do you have an appointment?",
        "22": "Do you have a problem?",
        "23": "Do you hear that?",
        "24": "Do you know how to get to the Marriott Hotel?",
        "25": "Do you know what this means?",
        "26": "Do you know where I can get a taxi?",
        "27": "Do you know where my glasses are?",
        "28": "Do you like your co-workers?",
        "29": "Do you need anything else?",
        "30": "Do you understand?",
        "31": "Give me the pen.",
        "32": "How do you know?",
        "33": "How is she?",
        "34": "How long is it?",
        "35": "How many?",
        "36": "How much is it?",
        "37": "I have a lot of things to do.",
        "38": "In 30 minutes.",
        "39": "Is anyone else coming?",
        "40": "Is everything ok?",
        "41": "Is it cold outside?",
        "42": "Is it far from here?",
        "43": "Is it hot?",
        "44": "Is it raining?",
        "45": "Is there anything cheaper?",
        "46": "Is your son here?",
        "47": "Should I wait?",
        "48": "The big one or the small one?",
        "49": "The cars are American.",
        "50": "Were there any problems?",
        "51": "Were you at the library last night?",
        "52": "What are you doing?",
        "53": "What are you thinking about?",
        "54": "What are you two talking about?",
        "55": "What did you do last night?",
        "56": "What did you do yesterday?",
        "57": "What did you think?",
        "58": "What do they study?",
        "59": "What do you have?",
        "60": "What do you think?",
        "61": "What happened?",
        "62": "What is it?",
        "63": "What is that?",
        "64": "What should I wear?",
        "65": "What's in it?",
        "66": "What's the temperature?",
        "67": "What's this?",
        "68": "What's up?",
        "69": "Where are you from?",
        "70": "Where can I rent a car?",
        "71": "Where did it happen?",
        "72": "Where did you learn it?",
        "73": "Where is he?",
        "74": "Where is he from?",
        "75": "Which is better, the spaghetti or chicken salad?",
        "76": "Which one do you want?",
        "77": "Which one is cheaper?",
        "78": "Which one is the best?",
        "79": "Which school does he go to?",
        "80": "Who are they?",
        "81": "Who are you looking for?",
        "82": "Who is it? (Inquiring about who is on the phone)",
        "83": "Who's calling?",
        "84": "Who's that man over there?",
        "85": "Who taught you that?",
        "86": "Why did you say that?",
        "87": "Will you pass me the salt please?",
        "88": "Will you put this in the car for me?",
        "89": "Would you ask him to call me back please?",
        "90": "Yes.",
        "91": "You have a very nice car.",
        "92": "You look like my sister."
    },
    "Work": {
        "Link": "http://englishspeak.com/en/english-phrases?category_key=17",
        "0": "6 dollars per hour.",
        "1": "Are you waiting for someone?",
        "2": "Are you working today?",
        "3": "Bring me my shirt please.",
        "4": "Do you like to watch TV?",
        "5": "Do you like your boss?",
        "6": "Have you finished studying?",
        "7": "He's an Engineer.",
        "8": "He's very hard working.",
        "9": "He works at a computer company in New York.",
        "10": "How long have you worked here?",
        "11": "How many hours a week do you work?",
        "12": "How much money do you have?",
        "13": "How's the weather?",
        "14": "How was the trip?",
        "15": "I forget.",
        "16": "I'm good.",
        "17": "I'm ready.",
        "18": "I still have a lot of things to buy.",
        "19": "I've seen it.",
        "20": "What does he do for work?",
        "21": "What does your father do for work?",
        "22": "What do you do for work?",
        "23": "What do your parents do for work?",
        "24": "What's the matter?",
        "25": "What time do you go to work everyday?",
        "26": "When do you arrive in the U.S.?",
        "27": "When do you get off work?",
        "28": "Where did you put it?",
        "29": "Where does it hurt?",
        "30": "Where do you want to go?"
    },
    "Weather": {
        "Link": "http://englishspeak.com/en/english-phrases?category_key=18",
        "0": "Come here.",
        "1": "Does it often snow in the winter in Massachusetts?",
        "2": "Do you think it'll rain today?",
        "3": "Do you think it's going to rain tomorrow?",
        "4": "How's business?",
        "5": "Is it close?",
        "6": "Is it possible?",
        "7": "Is it ready?",
        "8": "It costs 20 dollars per hour.",
        "9": "It hurts here.",
        "10": "It's far from here.",
        "11": "It's going to be hot today.",
        "12": "It's north of here.",
        "13": "It's over there.",
        "14": "It's raining.",
        "15": "It's too late.",
        "16": "It's very important.",
        "17": "It will arrive shortly.",
        "18": "The roads are slippery.",
        "19": "What's the room rate?",
        "20": "What will the weather be like tomorrow?"
    },
    "Verbs": {
        "Link": "http://englishspeak.com/en/english-phrases?category_key=19"
    },
    "Miscellaneous": {
        "Link": "http://englishspeak.com/en/english-phrases?category_key=20",
        "0": "Amy is John's girlfriend.",
        "1": "He always does that for me.",
        "2": "He broke the window.",
        "3": "He doesn't look like a nurse.",
        "4": "He has a nice car.",
        "5": "He never gives me anything.",
        "6": "He said this is a nice place.",
        "7": "He's an American.",
        "8": "He's a very good student.",
        "9": "He's faster than me.",
        "10": "He thinks we don't want to go.",
        "11": "His room is very small.",
        "12": "His son.",
        "13": "How are your parents?",
        "14": "How do I use this?",
        "15": "I came with my family.",
        "16": "I'd like to exchange this for Dollars.",
        "17": "I'd like to use the internet",
        "18": "I don't have time right now.",
        "19": "I don't know.",
        "20": "I have money.",
        "21": "I haven't had lunch yet.",
        "22": "I have to go to the post office.",
        "23": "I like Italian food.",
        "24": "I live in California.",
        "25": "I'll talk to you soon.",
        "26": "I made a mistake.",
        "27": "I'm bored.",
        "28": "I'm going to America next year.",
        "29": "I'm going to go have dinner.",
        "30": "I'm tired.",
        "31": "I'm very well, thank you.",
        "32": "I need another key.",
        "33": "I need this to get there by tomorrow.",
        "34": "I need to go now.",
        "35": "Is it suppose to rain tomorrow?",
        "36": "Is John there please? (phone call)",
        "37": "Is this a safe area?",
        "38": "Is this Mr. Smith?",
        "39": "Is this the bus to New York?",
        "40": "Is this your book?",
        "41": "I still have to brush my teeth and take a shower.",
        "42": "Is your father home?",
        "43": "I think so.",
        "44": "I think those shoes are very good looking.",
        "45": "It's very windy.",
        "46": "It takes 2 hours by car.",
        "47": "I've never done that.",
        "48": "I've worked there for five years.",
        "49": "I want to buy something.",
        "50": "I want to contact our embassy.",
        "51": "I want to send this package to the United States.",
        "52": "I want to show you something.",
        "53": "I went to the supermarket, and then to the computer store.",
        "54": "My car isn't working.",
        "55": "Nobody is helping us.",
        "56": "Nobody is there right now.",
        "57": "One like that.",
        "58": "Open the door.",
        "59": "Open the window.",
        "60": "Pick up your clothes.",
        "61": "Please.",
        "62": "Please count this for me.",
        "63": "Please tell her John called.",
        "64": "Please tell me.",
        "65": "Please wait for me.",
        "66": "She's going with me tomorrow.",
        "67": "Some books.",
        "68": "Someone does that for me.",
        "69": "Someone is coming.",
        "70": "Sorry, I don't have a pencil.",
        "71": "Start the car.",
        "72": "Take me downtown.",
        "73": "Tell him that I need to talk to him.",
        "74": "That car over there is mine.",
        "75": "That looks old.",
        "76": "That's a good school.",
        "77": "That's her book.",
        "78": "That's not enough.",
        "79": "The car is fixed.",
        "80": "These books are ours.",
        "81": "The TV is broken.",
        "82": "They haven't met her yet.",
        "83": "They're planning to come next year.",
        "84": "They're waiting for us.",
        "85": "This room is a mess.",
        "86": "Those men are speaking English.",
        "87": "What color is that car?",
        "88": "What do you think of these shoes?",
        "89": "When would you like to meet?",
        "90": "Where does your wife work?",
        "91": "Where is Main Street?",
        "92": "Where is my shirt?",
        "93": "Where is the bus station?",
        "94": "Which road should I take?",
        "95": "You're right.",
        "96": "Your house is very nice."
    }
}