{
    "\uc77c\uc0c1\uc801\uc778 \ud45c\ud604\ub4e4": {
        "Link": "http://englishspeak.com/ko/english-phrases?category_key=1",
        "0": "Be careful. \uc870\uc2ec\ud558\uc138\uc694",
        "3": "Be careful driving. \uc6b4\uc804\ud560 \ub54c \uc870\uc2ec\ud558\uc138\uc694",
        "6": "Can you translate this for me? \uc774\uac83 \uc880 \ud1b5\uc5ed \ud574 \uc8fc\uc138\uc694",
        "9": "Chicago is very different from Boston. \uc2dc\uce74\uace0\ub294 \ubcf4\uc2a4\ud1a4\ud558\uace0 \ub2ec\ub77c\uc694",
        "12": "Don't worry. \uac71\uc815 \ud558\uc9c0 \ub9c8\uc138\uc694",
        "15": "Everyone knows it. \ubaa8\ub4e0 \uc0ac\ub78c\uc774 \uc54c\uc544\uc694",
        "18": "Everything is ready. \ubaa8\ub450 \ub2e4 \uc900\ube44 \ub418\uc5c8\uc5b4\uc694",
        "21": "Excellent. \ud6cc\ub96d\ud574\uc694",
        "24": "From time to time. \ub54c\ub54c\ub85c",
        "27": "Good idea. \uc88b\uc740 \uc0dd\uac01",
        "30": "He likes it very much. \uadf8\ub294 \uadf8\uac83\uc744 \uc544\uc8fc \uc88b\uc544\ud574\uc694",
        "33": "Help! \ub3c4\uc640\uc8fc\uc138\uc694",
        "36": "He's coming soon. \uadf8\uac00 \uace7 \uc62c\uac70\uc608\uc694",
        "39": "He's right. \uadf8 \uc0ac\ub78c \ub9d0\uc774 \ub9de\uc544\uc694",
        "42": "He's very annoying. \uadf8\ub294 \uc544\uc8fc \uc131\uac00\uc2e0 \uc0ac\ub78c\uc774\uc5d0\uc694",
        "45": "He's very famous. \uadf8\ub294 \uc544\uc8fc \uc720\uba85\ud574\uc694",
        "48": "How are you? \uc548\ub155\ud558\uc138\uc694?",
        "51": "How's work going? \uc77c\uc774 \uc798 \ub418\uc5b4\uac00\uc694?",
        "54": "Hurry! \uc11c\ub458\ub7ec\uc694",
        "57": "I ate already. \ubc8c\uc368 \uba39\uc5c8\uc5b4\uc694",
        "60": "I can't hear you. \uc548 \ub4e4\ub824\uc694",
        "63": "I'd like to go for a walk. \uc0b0\ucc45 \uac00\uace0 \uc2f6\uc5b4\uc694",
        "66": "I don't know how to use it. \uc5b4\ub5bb\uac8c \uc0ac\uc6a9\ud558\ub294\uc9c0 \ubab0\ub77c\uc694",
        "69": "I don't like him. \uadf8 \uc0ac\ub78c\uc744 \uc548 \uc88b\uc544\ud574\uc694",
        "72": "I don't like it. \uadf8\uac83\uc744 \uc548 \uc88b\uc544\ud574\uc694",
        "75": "I don't speak very well. \ub9d0\uc744 \uc798 \ubabb\ud574\uc694",
        "78": "I don't understand. \uc774\ud574\uac00 \uc548 \ub3fc\uc694",
        "81": "I don't want it. \uadf8\uac83\uc744 \uc6d0\ud558\uc9c0 \uc54a\uc544\uc694",
        "84": "I don't want that. \uadf8\uac83\uc744 \uc6d0\ud558\uc9c0 \uc54a\uc544\uc694",
        "87": "I don't want to bother you. \ub2f9\uc2e0\uc744 \uad34\ub86d\ud788\uace0 \uc2f6\uc9c0 \uc54a\uc544\uc694",
        "90": "(adsbygoogle = window.adsbygoogle || []).push({});",
        "91": "I feel good. \uae30\ubd84\uc774 \uc88b\uc544\uc694",
        "94": "If you need my help, please let me know. \ub0b4 \ub3c4\uc6c0\uc774 \ud544\uc694\ud558\uba74 \uc774\uc57c\uae30 \ud558\uc138\uc694",
        "97": "I get off of work at 6. \uc5ec\uc12f\uc2dc\uc5d0 \uc77c\uc774 \ub05d\ub098\uc694",
        "100": "I have a headache. \uba38\ub9ac\uac00 \uc544\ud30c\uc694",
        "103": "I hope you and your wife have a nice trip. \ub2f9\uc2e0\uacfc \ub2f9\uc2e0 \ubd80\uc778\uc774 \uc88b\uc740 \uc5ec\ud589\uc774 \ub418\uc2dc\uae30\ub97c \ubc14\ub798\uc694",
        "106": "I know. \uc54c\uc544\uc694",
        "109": "I like her. \uadf8\ub140\ub97c \uc88b\uc544\ud574\uc694",
        "112": "I'll call you when I leave. \ub0b4\uac00 \ub5a0\ub0a0\ub54c \uc804\ud654\ud560\uac8c\uc694",
        "115": "I'll come back later. \ub098\uc911\uc5d0 \ub3cc\uc544 \uc62c\uac8c\uc694",
        "118": "I'll pay. \uc81c\uac00 \uc0b4\uac8c\uc694",
        "121": "I'll take it. \uadf8\uac78\ub85c \ud560\uac8c\uc694",
        "124": "I'll take you to the bus stop. \uc81c\uac00 \ubc84\uc2a4 \uc815\ub958\uc7a5\uae4c\uc9c0 \ub370\ub824\ub2e4 \ub4dc\ub9b4\uac8c\uc694",
        "127": "I lost my watch. \uc2dc\uacc4\ub97c \uc783\uc5b4\ubc84\ub838\uc5b4\uc694",
        "130": "I love you. \uc0ac\ub791\ud574\uc694",
        "133": "I'm an American. \ubbf8\uad6d\uc778\uc774\uc5d0\uc694",
        "136": "I'm cleaning my room. \ubc29\uc744 \uccad\uc18c\ud558\uace0 \uc788\uc5b4\uc694",
        "139": "I'm cold. \ucd94\uc6cc\uc694",
        "142": "I'm coming to pick you up. \uc9c0\uae08 \ub370\ub9ac\ub7ec \uc62c\ub808\uad50",
        "145": "I'm going to leave. \uc9c0\uae08 \ub5a0\ub0a0 \uac70\uc608\uc694",
        "148": "I'm good, and you? \uc800\ub294 \uc88b\uc740\ub370 \uc5b4\ub5a0\uc138\uc694?",
        "151": "I'm happy. \ud589\ubcf5\ud574\uc694",
        "154": "I'm hungry. \ubc30\uac00 \uace0\ud30c\uc694",
        "157": "I'm married. \uacb0\ud63c\ud588\uc5b4\uc694",
        "160": "I'm not busy. \ubc14\uc058\uc9c0 \uc54a\uc544\uc694",
        "163": "I'm not married. \uacb0\ud63c \uc548 \ud588\uc5b4\uc694",
        "166": "I'm not ready yet. \uc544\uc9c1 \uc900\ube44 \uc548 \ub418\uc5c8\uc5b4\uc694",
        "169": "I'm not sure. \ud655\uc2e4\ud558\uc9c0 \uc54a\uc544\uc694",
        "172": "I'm sorry, we're sold out. \ubbf8\uc548\ud558\uc9c0\ub9cc \ub2e4 \ud314\ub838\uc5b4\uc694",
        "175": "I'm thirsty. \ubaa9\uc774 \ub9d0\ub77c\uc694",
        "178": "I'm very busy. I don't have time now. \ub098\ub294 \ub9e4\uc6b0 \ubc14\ube60\uc694. \uc9c0\uae08 \uc2dc\uac04\uc774 \uc5c6\uc5b4\uc694",
        "181": "(adsbygoogle = window.adsbygoogle || []).push({});",
        "182": "I need to change clothes. \uc637\uc744 \uac08\uc544 \uc785\uc5b4\uc57c \ud574\uc694",
        "185": "I need to go home. \uc9d1\uc5d0 \uac00\uc57c\ud574\uc694",
        "188": "I only want a snack. \uac04\uc2dd\ub9cc \uba39\uace0 \uc2f6\uc5b4\uc694",
        "191": "Is Mr. Smith an American? \uc2a4\ubbf8\uc2a4\uc528\uac00 \ubbf8\uad6d\uc778\uc774\uc5d0\uc694?",
        "194": "Is that enough? \ucda9\ubd84\ud574\uc694?",
        "197": "I think it's very good. \uc544\uc8fc \uc88b\uc740 \uac83 \uac19\uc544\uc694",
        "200": "I think it tastes good. \ub9db\uc788\ub294 \uac83 \uac19\uc544\uc694",
        "203": "I thought the clothes were cheaper. \uadf8 \uc637\ub4e4\uc774 \ub354 \uc2f8\ub2e4\uace0 \uc0dd\uac01\ud588\uc5b4\uc694",
        "206": "It's longer than 2 miles. \uc774\ub9c8\uc77c\ubcf4\ub2e4 \ub354 \uae38\uc5b4\uc694",
        "209": "I've been here for two days. \uc5ec\uae30 \uc774\ud2c0\uc774\ub098 \uc788\uc5c8\uc5b4\uc694",
        "212": "I've heard Texas is a beautiful place. \ud0dd\uc0ac\uc2a4\uae30 \uc544\ub984\ub2e4\uc6b4 \uacf3\uc774\ub77c\uace0 \ub4e4\uc5c8\uc5b4\uc694",
        "215": "I've never seen that before. \uadf8\uac83\uc744 \ud55c\ubc88\ub3c4 \ubcf8 \uc801\uc774 \uc5c6\uc5b4\uc694",
        "218": "I was about to leave the restaurant when my friends arrived. \ub0b4 \uce5c\uad6c\uac00 \ub3c4\ucc29\ud588\uc744\ub54c \ub9c9 \uc2dd\ub2f9\uc744 \ub098\uac00\ub824\uace0 \ud588\uc5b4\uc694",
        "221": "Just a little. \uc7a0\uc2dc\ub9cc\uc694",
        "224": "Just a moment. \uc7a0\uae50\ub9cc\uc694",
        "227": "Let me check. \ud55c\ubc88 \ubd05\uc2dc\ub2e4",
        "230": "Let me think about it. \uc0dd\uac01 \uc880 \ud574 \ubcfc\uac8c\uc694.",
        "233": "Let's go have a look. \ud55c\ubc88 \ubd05\uc2dc\ub2e4",
        "236": "Let's practice English. \uc601\uc5b4\ub97c \uc5f0\uc2b5\ud569\uc2dc\ub2e4",
        "239": "May I speak to Mrs. Smith please? \uc2a4\ubbf8\uc2a4\ubd80\uc778 \uc880 \ubc14\uafb8\uc5b4 \uc8fc\uc138\uc694",
        "242": "More than that. \uadf8\uac83\ubcf4\ub2e4 \ub9ce\uc774",
        "245": "Never mind. \uc2e0\uacbd\uc4f0\uc9c0 \ub9c8\uc138\uc694",
        "248": "Next time. \ub2e4\uc74c\uc5d0",
        "251": "No. \uc544\ub2c8\uc624",
        "254": "Nonsense. \ub9d0\ub3c4 \uc548\ub418\uc5b4\uc694",
        "257": "No, thank you. \uad1c\ucc2e\uc2b5\ub2c8\ub2e4.",
        "260": "Nothing else. \ub2e4\ub978\uac83\uc740 \uc5c6\uc5b4\uc694.",
        "263": "Not recently. \uc694\uc998\uc740 \uc544\ub2c8\uc5d0\uc694",
        "266": "Not yet. \uc544\uc9c1\uc740 \uc544\ub2c8\ub124\uc694",
        "269": "Of course. \ubb3c\ub860\uc694",
        "272": "(adsbygoogle = window.adsbygoogle || []).push({});",
        "273": "Okay. \uc54c\uc558\uc5b4\uc694",
        "276": "Please fill out this form. \uc774 \uc11c\ub958\ub97c \uc791\uc131\ud558\uc138\uc694",
        "279": "Please take me to this address. \uc774 \uc8fc\uc18c\ub85c \ub370\ub824\ub2e4 \uc8fc\uc138\uc694",
        "282": "Please write it down. \uc801\uc5b4 \uc8fc\uc138\uc694",
        "285": "Really? \uc815\ub9d0\uc694?",
        "288": "Right here. \uc5ec\uae30\uc694",
        "291": "Right there. \uac70\uae30\uc694",
        "294": "See you later. \ub098\uc911\uc5d0 \ubd10\uc694",
        "297": "See you tomorrow. \ub0b4\uc77c \ubd10\uc694",
        "300": "See you tonight. \uc624\ub298 \ubc24\uc5d0 \ubd10\uc694",
        "303": "She's pretty. \uadf8\ub140\ub294 \uc608\ubed0\uc694",
        "306": "Sorry to bother you. \uadc0\ucc2e\uac8c \ud574\uc11c \ubbf8\uc580\ud574\uc694",
        "309": "Stop! \uba48\ucd94\uc138\uc694",
        "312": "Take a chance. \uae30\ud68c\ub97c \uc7a1\uc73c\uc138\uc694",
        "315": "Take it outside. \ubc16\uc73c\ub85c \uac00\uc9c0\uace0 \ub098\uac00\uc138\uc694",
        "318": "Tell me. \uc774\uc57c\uae30 \ud558\uc138\uc694",
        "321": "Thanks for everything. \ubaa8\ub4e0\uac83\uc5d0 \uace0\ub9d9\uc2b5\ub2c8\ub2e4.",
        "324": "Thanks for your help. \ub3c4\uc640 \uc8fc\uc5b4\uc11c \uace0\ub9d9\uc2b5\ub2c8\ub2e4.",
        "327": "Thank you. \uace0\ub9d9\uc2b5\ub2c8\ub2e4.",
        "330": "Thank you miss. \uace0\ub9d9\uc2b5\ub2c8\ub2e4.",
        "333": "Thank you sir. \uace0\ub9d9\uc2b5\ub2c8\ub2e4.",
        "336": "Thank you very much. \uc544\uc8fc \uace0\ub9d9\uc2b5\ub2c8\ub2e4",
        "339": "That looks great. \ud6cc\ub96d\ud574\uc694",
        "342": "That's alright. \uad1c\ucc2e\uc2b5\ub2c8\ub2e4.",
        "345": "That's enough. \ucda9\ubd84\ud574\uc694",
        "348": "That's fine. \uad1c\ucc2e\uc544\uc694.",
        "351": "That's it. \uadf8\uac8c \ub2e4\uc608\uc694",
        "354": "That smells bad. \ub0c4\uc0c8\uac00 \ub098\ube60\uc694",
        "357": "That's not fair. \uacf5\ud3c9\ud558\uc9c0 \uc54a\uc544\uc694",
        "360": "That's not right. \ub9de\uc9c0 \uc54a\uc544\uc694",
        "363": "(adsbygoogle = window.adsbygoogle || []).push({});",
        "364": "That's right. \ub9de\uc544\uc694",
        "367": "That's too bad. \ub108\ubb34 \uc548 \ub418\uc5c8\uc5b4\uc694",
        "370": "That's too many. \ub108\ubb34 \ub9ce\uc544\uc694",
        "373": "That's too much. \ub108\ubb34 \ub9ce\uc544\uc694",
        "376": "The book is under the table. \uc774 \ucc45\uc740 \ud14c\uc774\ube14 \ubc11\uc5d0 \uc788\uc5b4\uc694",
        "379": "They'll be right back. \uadf8\ub4e4\uc774 \uace7 \ub3cc\uc544 \uc62c\uac70\uc608\uc694",
        "382": "They're the same. \uac19\uc740 \uc0ac\ub78c\ub4e4\uc774\uc5d0\uc694",
        "385": "They're very busy. \uadf8\ub4e4\uc740 \uc544\uc8fc \ubc14\ube60\uc694",
        "388": "This doesn't work. \uc77c\uc774 \uc798 \uc548 \ub418\uc5b4\uac00\uc694",
        "391": "This is very difficult. \uc774\uac83\uc740 \uc544\uc8fc \uc5b4\ub824\uc6cc\uc694",
        "394": "This is very important. \uc774\uac83\uc740 \uc544\uc8fc \uc911\uc694\ud574\uc694",
        "397": "Try it. \ud574 \ubcf4\uc138\uc694",
        "400": "Very good, thanks. \uc544\uc8fc \uc88b\uc544\uc694. \uace0\ub9c8\uc6cc\uc694",
        "403": "We like it very much. \uc6b0\ub9ac\ub294 \uadf8\uac83\uc744 \uc544\uc8fc \uc88b\uc544\ud574\uc694",
        "406": "Would you take a message please? \uba54\uc138\uc9c0 \uc880 \uc804\ud574 \uc8fc\uc138\uc694",
        "409": "Yes, really. \ub124, \uc0ac\uc2e4\uc740",
        "412": "You're beautiful. \uc544\ub984\ub2e4\uc6b0\uc138\uc694",
        "415": "You're very nice. \uc544\uc8fc \uce5c\uc808\ud558\uc138\uc694",
        "418": "You're very smart. \uc544\uc8fc \ub611\ub611\ud558\uc138\uc694",
        "421": "Your things are all here. \ub2f9\uc2e0 \ubb3c\uac74\uc774 \uc5ec\uae30 \ub2e4 \uc788\uc5b4\uc694"
    },
    "\uc778\uc0ac": {
        "Link": "http://englishspeak.com/ko/english-phrases?category_key=2",
        "0": "Certainly! \ubb3c\ub860\uc774\uc5d0\uc694",
        "3": "Good afternoon. \uc548\ub155\ud558\uc138\uc694?",
        "6": "Good evening sir. \uc548\ub155\ud558\uc138\uc694?",
        "9": "Good Luck. \ud589\uc6b4\uc744 \ube4c\uc5b4\uc694",
        "12": "Good morning. \uc548\ub155\ud558\uc138\uc694",
        "15": "Great. \uc88b\uc544\uc694",
        "18": "Happy Birthday. \uc0dd\uc77c \ucd95\ud558\ud574\uc694",
        "21": "Have a good trip. \uc88b\uc740 \uc5ec\ud589\uc774 \ub418\uc138\uc694",
        "24": "Hello. \uc5ec\ubcf4\uc138\uc694",
        "27": "Nice to meet you \ub9cc\ub098\uc11c \ubc18\uac00\uc6cc\uc694",
        "30": "Please call me. \uc804\ud654\ud558\uc138\uc694"
    },
    "\uc5ec\ud589, \ubc29\ud5a5": {
        "Link": "http://englishspeak.com/ko/english-phrases?category_key=3",
        "0": "About 300 kilometers. \uc0bc\ubc31 \ud0ac\ub85c \uc815\ub3c4",
        "3": "A one way ticket. \ud3b8\ub3c4 \ud45c",
        "6": "Are you going to help her? \uadf8\ub140\ub97c \ub3c4\uc640 \uc904 \uac70\uc608\uc694?",
        "9": "A round trip ticket. \uc655\ubcf5 \ud45c",
        "12": "At what time? \uba87\uc2dc\uc5d0?",
        "15": "Can I make an appointment for next Wednesday? \ub2e4\uc74c \uc8fc \uc218\uc694\uc77c \uc608\uc57d \ud560 \uc218 \uc788\uc5b4\uc694?",
        "18": "Can you repeat that please? \ub2e4\uc2dc \uc774\uc57c\uae30 \ud574 \uc8fc\uc138\uc694",
        "21": "Does this road go to New York? \uc774 \uae38\uc774 \ub274\uc695\uc73c\ub85c \uac00\ub294 \uae38\uc774\uc5d0\uc694?",
        "24": "Do you have enough money? \ub3c8 \ucda9\ubd84\ud788 \uc788\uc5b4\uc694?",
        "27": "Do you know how to cook? \uc694\ub9ac\ud560 \uc904 \uc54c\uc544\uc694?",
        "30": "Do you know what this says? \ubb50\ub77c\uace0 \ub9d0\ud558\ub294\uc9c0 \uc54c\uc544\uc694?",
        "33": "Do you want me to come and pick you up? \ub0b4\uac00 \uc640\uc11c \ucc28 \ud0dc\uc6cc \ub4dc\ub9b4\uae4c\uc694?",
        "36": "Follow me. \ub530\ub77c \uc624\uc138\uc694",
        "39": "From here to there. \uc5ec\uae30\uc800 \uc800\uae30\uae4c\uc9c0",
        "42": "Go straight ahead. \uc55e\uc73c\ub85c \ub611\ubc14\ub85c \uac00\uc138\uc694",
        "45": "Have you arrived? \ub3c4\ucc29\ud588\uc5b4\uc694?",
        "48": "Have you been to Boston? \ubcf4\uc2a4\ud1a4\uc5d0 \uac00 \ubcf8 \uc801 \uc788\uc5b4\uc694?",
        "51": "How do I get there? \uc5b4\ub5bb\uac8c \uac70\uae30 \uac00\uc694?",
        "54": "How do I get to Daniel Street? \ub2e4\ub2c8\uc5d8\uac00\uc5d0 \uc5b4\ub5bb\uac8c \uac00\ub098\uc694?",
        "57": "How do I get to the American Embassy? \ubbf8\uad6d \ub300\uc0ac\uad00\uc5d0 \uc5b4\ub5bb\uac8c \uac00\uc694?",
        "60": "How long does it take by car? \uc790\ub3d9\ucc28\ub85c \uc5bc\ub9c8\ub098 \uac78\ub824\uc694?",
        "63": "How long does it take to get to Georgia? \uc870\uc9c0\uc544\uae4c\uc9c0 \uc5bc\ub9c8\ub098 \uac78\ub824\uc694?",
        "66": "How long is the flight? \ube44\ud589\uc2dc\uac04\uc774 \uc5bc\ub9c8\ub098 \ub418\uc5b4\uc694?",
        "69": "How was the movie? \uc601\ud654\uac00 \uc5b4\ub560\uc5b4\uc694?",
        "72": "I'd like to make a phone call. \uc804\ud654\ud558\uace0 \uc2f6\uc5b4\uc694",
        "75": "I'd like to make a reservation. \uc608\uc57d\ud558\uace0 \uc2f6\uc5b4\uc694",
        "78": "I have a question I want to ask you./ I want to ask you a question. \uc9c8\ubb38\uc774 \uc788\uc5b4\uc694",
        "81": "I'll take that one also. \uadf8\uac83\ub3c4 \uc0b4\uac8c\uc694",
        "84": "I'm coming right now. \uc9c0\uae08 \uc624\uace0 \uc788\uc5b4\uc694",
        "87": "I'm going home in four days. \uc0ac\uc77c \ud6c4\uc5d0 \uc9d1\uc5d0 \uac08\uac70\uc608\uc694",
        "90": "(adsbygoogle = window.adsbygoogle || []).push({});",
        "91": "I'm leaving Tomorrow. \ub0b4\uc77c \ub5a0\ub098\uc694",
        "94": "I'm looking for the post office. \uc6b0\uccb4\uad6d\uc744 \ucc3e\uace0 \uc788\uc5b4\uc694",
        "97": "Is this pen yours? \uc774 \ud39c\uc774 \ub2f9\uc2e0 \uac70\uc608\uc694?",
        "100": "I wish I had one. \ub098\ub3c4 \ud558\ub098\uac00 \uc788\uc73c\uba74 \uc88b\uaca0\uc5b4\uc694",
        "103": "One ticket to New York please. \ub274\uc695\ud589 \ud45c \ud558\ub098",
        "106": "One way or round trip? \ud3b8\ub3c4 \uc544\ub2c8\uba74 \uc655\ubcf5\ud589 \ud45c",
        "109": "Please speak slower. \ucc9c\ucc9c\ud788 \uc774\uc57c\uae30 \ud574 \uc8fc\uc138\uc694",
        "112": "Please take me to the airport. \uacf5\ud56d\uae4c\uc9c0 \ub370\ub824\ub2e4 \uc8fc\uc138\uc694",
        "115": "That way. \uadf8  \ubc29\uc2dd/\uadf8 \uae38",
        "118": "The plane departs at 5:30P. \ube44\ud589\uae30\uac00 \ub2e4\uc12f\uc2dc \ubc18\uc5d0 \ub5a0\ub098\uc694",
        "121": "They arrived yesterday. \uadf8 \uc0ac\ub78c\ub4e4\uc774 \uc5b4\uc81c \ub3c4\ucc29\ud588\uc5b4\uc694",
        "124": "Turn around. \ub4a4 \ub3cc\uc544 \ubcf4\uc138\uc694",
        "127": "Turn left. \uc8c4\ud68c\uc804\ud558\uc138\uc694",
        "130": "Turn right. \uc6b0\ud68c\uc804\ud558\uc138\uc694",
        "133": "What time are you going to the bus station? \ubc84\uc2a4 \uc815\ub958\uc7a5\uc5d0 \uba87\uc2dc\uc5d0 \uac00\uc694?",
        "136": "When did this happen? \uc5b8\uc81c \uc774 \uc77c\uc774 \uc0dd\uacbc\uc5b4\uc694?",
        "139": "When did you arrive in Boston? \ubcf4\uc2a4\ud1a4\uc5d0 \uc5b8\uc81c \ub3c4\ucc29\ud588\uc5b4\uc694?",
        "142": "When does he arrive? \uc5b8\uc81c \uadf8\uac00 \ub3c4\ucc29\ud574\uc694?",
        "145": "When does it arrive? \uc5b8\uc81c \uadf8\uac83\uc774 \uc640\uc694?",
        "148": "When does the bank open? \uc5b8\uc81c \uc740\ud589\uc774 \uc5f4\uc5b4\uc694?",
        "151": "When does the bus leave? \uc5b8\uc81c \ubc84\uc2a4\uac00 \ub5a0\ub098\uc694?",
        "154": "When do we arrive? \uc5b8\uc81c \uc6b0\ub9ac\uac00 \ub3c4\ucc29\ud574\uc694?",
        "157": "When do we leave? \uc5b8\uc81c \uc6b0\ub9ac\uac00 \ub5a0\ub098\uc694?",
        "160": "Where can I mail this? \uc5b4\ub514\uc11c \uc774\uac83\uc744 \ubd80\uce60 \uc218 \uc788\uc5b4\uc694?",
        "163": "Where is she from? \uadf8\ub140\ub294 \uc5b4\ub514\uc11c \uc654\uc5b4\uc694?",
        "166": "Where is the bathroom? \ud654\uc7a5\uc2e4\uc774 \uc5b4\ub514\uc5d0 \uc788\uc5b4\uc694?",
        "169": "Why not? \uc65c\uc694?",
        "172": "Will you remind me? \ub098\uc911\uc5d0 \uc0c1\uae30 \uc2dc\ucf1c \uc8fc\uc138\uc694"
    },
    "\uc22b\uc790\uc640 \ub3c8": {
        "Link": "http://englishspeak.com/ko/english-phrases?category_key=4",
        "0": "11 dollars. \uc2ed\uc77c \uc77c \ub2ec\ub7ec",
        "3": "52 cents. \uc624\uc2ed \uc774 \uc804",
        "6": "A few. \uba87 \uac1c",
        "9": "A little. \uc870\uae08",
        "12": "Call the police. \uacbd\ucc30\uc5d0\uac8c \uc804\ud654\ud558\uc138\uc694",
        "15": "Did your wife like California? \ubd80\uc778\uc774 \uce98\ub9ac\ud3ec\ub2c8\uc544\ub97c \uc88b\uc544\ud588\uc5b4\uc694?.",
        "18": "Do you have any coffee? \ucee4\ud53c\uc788\uc5b4\uc694?",
        "21": "Do you have anything cheaper? \ub354 \uc2fc \uac83 \uc788\uc5b4\uc694?",
        "24": "Do you take credit cards? \uc2e0\uc6a9 \uce74\ub4dc \ubc1b\uc73c\uc138\uc694?",
        "27": "How are you paying? \uc5b4\ub5bb\uac8c \uc9c0\ubd88\ud558\uc2e4\uac70\uc608\uc694?",
        "30": "How many people are there in New York? \ub274\uc695\uc5d0 \uc778\uad6c\uac00 \uba87 \uba85\uc774\uc5d0\uc694?",
        "33": "How much are these earrings? \uc774 \uadc0\uac78\uc774\uac00 \uc5bc\ub9c8\uc608\uc694?",
        "36": "How much does it cost per day? \ud558\ub8e8\uc5d0 \uc5bc\ub9c8\ub098 \ub4e4\uc5b4\uc694?",
        "39": "How much does this cost? \uc5bc\ub9c8\uc608\uc694?",
        "42": "How much do I owe you? \ub0b4\uac00 \uc5bc\ub9c8 \ub4dc\ub824\uc57c \ud574\uc694?",
        "45": "How much is it to go to Miami? \ub9c8\uc774\uc560\ubbf8\uae4c\uc9c0 \uac00\ub294\ub370 \uc5bc\ub9c8\ub098 \ub4e4\uc5b4\uc694?",
        "48": "How much money do you make? \ub3c8\uc744 \uc5bc\ub9c8\ub098 \ubc8c\uc5b4\uc694?",
        "51": "I'd like to eat at 5th street restaurant. 5\ubc88 \uac00\uc758 \uc2dd\ub2f9\uc5d0\uc11c \uba39\uace0 \uc2f6\uc5b4\uc694",
        "54": "I don't have a girlfriend. \uc5ec\uc790 \uce5c\uad6c\uac00 \uc5c6\uc5b4\uc694",
        "57": "I don't have any money. \ub3c8\uc774 \uc5c6\uc5b4\uc694",
        "60": "I have a reservation. \uc608\uc57d \ud588\uc5b4\uc694",
        "63": "I'll have the same thing. \uac19\uc740 \uac70 \ud560\uac8c\uc694",
        "66": "I'll pay for dinner. \uc800\ub141 \uc0b4\uac8c\uc694",
        "69": "I'll pay for the tickets. \uc81c\uac00 \ud45c\ub97c \uc0b4\uac8c\uc694",
        "72": "I'm 26 years old. \uc9c0\uae08 \uc2a4\ubb3c \uc5ec\uc12f\uc0b4 \uc774\uc5d0\uc694",
        "75": "I need to practice my English. \uc601\uc5b4\ub97c \uc5f0\uc2b5\ud574\uc57c \ud574\uc694",
        "78": "Isn't it? \uadf8\ub798\uc694?",
        "81": "Is that ok? \uad1c\ucc2e\uc544\uc694?",
        "84": "Is there any mail for me? \ub098\ud55c\ud14c \uc628 \uc6b0\ud3b8\ubb3c\uc774 \uc788\uc5b4\uc694?",
        "87": "It's 11:30pm. \uc624\ud6c4 \uc5f4\ud55c\uc2dc \ubc18\uc774\uc5d0\uc694",
        "90": "(adsbygoogle = window.adsbygoogle || []).push({});",
        "91": "It's is a quarter past nine. \uc544\ud649\uc2dc \uc2ed\uc624\ubd84\uc774\uc5d0\uc694",
        "94": "Please come in. \ub4e4\uc5b4\uc624\uc138\uc694",
        "97": "Sorry, we don't accept credit cards. \ubbf8\uc580\ud558\uc9c0\ub9cc \uc2e0\uc6a9\uce74\ub4dc\ub97c \uc548 \ubc1b\uc544\uc694",
        "100": "Sorry, we only accept Cash. \ubbf8\uc548\ud558\uc9c0\ub9cc \ud604\uae08\ub9cc \ubc1b\uc544\uc694",
        "103": "That restaurant is not expensive. \uadf8 \uc2dd\ub2f9\uc740 \ube44\uc528\uc9c0 \uc54a\uc544\uc694",
        "106": "That's too expensive. \uadf8\uac83\uc740 \ub108\ubb34 \ube44\uc2f8\uc694",
        "109": "There are many people here. \uc5ec\uae30 \uc0ac\ub78c\uc774 \ub9ce\uc544\uc694",
        "112": "They charge 26 dollars per day. \ud558\ub8e8\uc5d0 \uc774\uc2ed \uc721\ubd88 \ubc1b\uc544\uc694",
        "115": "What's the exchange rate for dollars? \uc77c \ub2ec\ub7ec\uc5d0 \ud658\uc728\uc774 \uc5bc\ub9c8\uc608\uc694?",
        "118": "What's the phone number? \uc804\ud654 \ubc88\ud638\uac00 \ubb50\uc608\uc694?",
        "121": "Where can I buy tickets? \uc5b4\ub514\uc11c \ud45c\ub97c \uc0b4 \uc218 \uc788\uc5b4\uc694?",
        "124": "Where would you like to meet? \uc5b4\ub514\uc11c \ub9cc\ub098\uace0 \uc2f6\uc5b4\uc694?",
        "127": "Which one is better? \uc5b4\ub5a4 \uac83\uc774 \ub098\uc544\uc694?"
    },
    "\uc704\uce58": {
        "Link": "http://englishspeak.com/ko/english-phrases?category_key=5",
        "0": "Across from the post office. \uc6b0\uccb4\uad6d \uac74\ub108\ud3b8",
        "3": "At 3 o'clock. \uc138\uc2dc",
        "6": "Be quiet. \uc870\uc6a9\ud788 \ud574\uc694",
        "9": "Can you recommend a good restaurant? \uc88b\uc740 \uc2dd\ub2f9 \uc880 \uc18c\uac1c \ud574 \uc8fc\uc138\uc694",
        "12": "Here it is. \uc5ec\uae30 \uc788\uc2b5\ub2c8\ub2e4.",
        "15": "Here you are. \uc5ec\uae30 \uc788\uc2b5\ub2c8\ub2e4.",
        "18": "He's in the kitchen. \uadf8\ub294 \ubd80\uc5c5\uc5d0 \uc788\uc5b4\uc694",
        "21": "He studies at Boston University. \uadf8\ub294 \ubcf4\uc2a4\ud1a4 \ub300\ud559\uc5d0\uc11c \uacf5\ubd80\ud558\uace0 \uc788\uc5b4\uc694",
        "24": "How far is it? \uc5bc\ub9c8\ub098 \uba40\uc5b4\uc694?",
        "27": "How far is it to Chicago? \uc2dc\uce74\uace0 \uae4c\uc9c0 \uc5bc\ub9c8\ub098 \uac78\ub824\uc694?",
        "30": "How many miles is it to Pennsylvania? \ud39c\uc2e4\ubca0\ub2c8\uc544 \uc8fc\uae4c\uc9c0 \uba87 \ub9c8\uc77c\uc774\uc5d0\uc694?",
        "33": "I'd like a single room. \uce68\ub300 \ud558\ub098 \uc788\ub294 \ubc29\uc744 \uc8fc\uc138\uc694",
        "36": "I like to watch TV. \ud154\ub808\ube44\uc83c \ubcf4\uace0 \uc2f6\uc5b4\uc694",
        "39": "It's delicious! \ub9db\uc774 \uc788\uc5b4\uc694",
        "42": "It's half past 11. \uc5f4\ud55c\uc2dc \ubc18\uc774\uc5d0\uc694",
        "45": "It's less than 5 dollars. \uc624\ubd88 \uc774\ud558\uc608\uc694",
        "48": "It's more than 5 dollars. \uc624\ubd88 \uc774\uc0c1\uc774\uc5d0\uc694",
        "51": "It's near the Supermarket. \uc218\ud37c\ub9c8\ucf13 \uadfc\ucc98\uc608\uc694",
        "54": "it's not suppose to rain today. \uc624\ub298\uc740 \ube44\uac00 \uc624\uc9c0 \uc54a\uc744 \uac70\uc608\uc694",
        "57": "It's ok. \uad1c\ucc2e\uc544\uc694",
        "60": "It's on 7th street. \uce60\ubc88\uac00\uc5d0 \uc788\uc5b4\uc694",
        "63": "It's really hot. \uc815\ub9d0 \ub354\uc6cc\uc694",
        "66": "It's suppose to rain tomorrow. \ub0b4\uc77c \ube44\uac00 \uc640\uc694",
        "69": "I was going to the library. \ub3c4\uc11c\uad00\uc5d0 \uac00\ub824\uace0 \ud588\uc5b4\uc694",
        "72": "I was in the library. \ub3c4\uc11c\uad00\uc5d0 \uc788\uc5c8\uc5b4\uc694",
        "75": "Let's go. \uac11\uc2dc\ub2e4",
        "78": "Maybe. \uc544\ub9c8\ub3c4",
        "81": "More than 200 miles. \uc774\ubc31\ub9c8\uc77c \ubcf4\ub2e4 \ub354 \ub9ce\uc774",
        "84": "My house is close to the bank. \uc6b0\ub9ac \uc9d1\uc740 \uc740\ud589\uc5d0\uc11c \uac00\uae4c\uc6cc\uc694",
        "87": "Near the bank. \uc740\ud589 \uadfc\ucc98",
        "90": "(adsbygoogle = window.adsbygoogle || []).push({});",
        "91": "On the left. \uc67c\ucabd\uc5d0",
        "94": "On the right. \uc624\ub978\ucabd\uc5d0",
        "97": "On the second floor. \uc774\uce35\uc5d0",
        "100": "Outside the hotel. \ud638\ud154 \ubc16",
        "103": "Over here. \uc5ec\uae30\uc694",
        "106": "Over there. \uc800\uae30\uc694",
        "109": "The book is behind the table. \uc774 \ucc45\uc740 \ud0c1\uc790 \ub4a4\uc5d0 \uc788\uc5b4\uc694",
        "112": "The book is in front of the table. \uc774 \ucc45\uc740 \ud0c1\uc790 \uc55e\uc5d0 \uc788\uc5b4\uc694",
        "115": "The book is near the table. \uc774 \ucc45\uc740 \ud0c1\uc790 \uadfc\ucc98\uc5d0 \uc788\uc5b4\uc694",
        "118": "The book is next to the table. \uc774 \ucc45\uc740 \ud0c1\uc790 \uc606\uc5d0 \uc788\uc5b4\uc694",
        "121": "The book is on top of the table. \uc774 \ucc45\uc740 \ud14c\uc774\ube14 \uc704\uc5d0 \uc788\uc5b4\uc694",
        "124": "There are some books on the table. \ud0c1\uc790\uc5d0 \ucc45\uc774 \uc788\uc5b4\uc694",
        "127": "There's a book under the table. \ucc45\uc774 \ud0c1\uc790 \ubc11\uc5d0 \uc788\uc5b4\uc694",
        "130": "We're from California. \uce98\ub9ac\ud3ec\ub2c8\uc544\uc5d0\uc11c \uc654\uc5b4\uc694",
        "133": "What's the address? \uc8fc\uc18c\uac00 \ubb50\uc608\uc694?",
        "136": "Where are you going? \uc5b4\ub514 \uac00\uc138\uc694?",
        "139": "Where is it? \uadf8\uac8c \uc5b4\ub514\uc5d0 \uc788\uc5b4\uc694?",
        "142": "Where would you like to go? \uc5b4\ub514\uc5d0 \uac00\uace0 \uc2f6\uc5b4\uc694?",
        "145": "Who won? \ub204\uac00 \uc774\uacbc\uc5b4\uc694?"
    },
    "\uc804\ud654/\uc778\ud130\ub137/\uc6b0\ud3b8": {
        "Link": "http://englishspeak.com/ko/english-phrases?category_key=6",
        "0": "Can I see your passport please? \uc5ec\uad8c \uc880 \ubcf4\uc5ec \uc8fc\uc138\uc694",
        "3": "Can I take a message? \uba54\uc138\uc9c0 \uc804\ud574 \ub4dc\ub9b4\uae4c\uc694?",
        "6": "Can I try it on? \uc785\uc5b4 \ubcf4\uc544\ub3c4 \ub3fc\uc694?",
        "9": "Can we sit over there? \uc800\uae30 \uc549\uc544\ub3c4 \ub3fc\uc694?",
        "12": "Did you come with your family? \uac00\uc871\uacfc \uac19\uc774 \uc654\uc5b4\uc694",
        "15": "Do you think it's possible? \uac00\ub2a5 \ud558\ub2e4\uace0 \uc0dd\uac01\ud574\uc694?",
        "18": "Here's my number. \uc5ec\uae30 \uc81c \uc804\ud654 \ubc88\ud638 \uc788\uc2b5\ub2c8\ub2e4.",
        "21": "He's not in right now. \uadf8\ub294 \uc9c0\uae08 \uc9d1\uc5d0 \uc5c6\uc5b4\uc694",
        "24": "Hi, is Mrs. Smith there, please? \uc2a4\ubbf8\uc2a4\ubd80\uc778 \uacc4\uc138\uc694?",
        "27": "I'd like some water too, please. \ubb3c \uc880 \uc8fc\uc138\uc694",
        "30": "I'd like to buy a bottle of water, please. \ubb3c \ud55c\ubcd1 \uc0ac\uace0 \uc2f6\uc5b4\uc694",
        "33": "I'd like to buy something. \ubb50 \uc880 \uc0ac\uace0 \uc2f6\uc5b4\uc694",
        "36": "I'd like to go to the store. \uac00\uac8c\uc5d0 \uac00\uace0 \uc2f6\uc5b4\uc694",
        "39": "I'd like to rent a car. \ucc28\ub97c \ube4c\ub9ac\uace0 \uc2f6\uc5b4\uc694",
        "42": "I'd like to send a fax. \ud329\uc2a4 \ubcf4\ub0b4\uace0 \uc2f6\uc5b4\uc694",
        "45": "I'd like to send this to America. \uc774\uac83\uc744 \ubbf8\uad6d\uc5d0 \ubcf4\ub0b4\uace0 \uc2f6\uc5b4\uc694",
        "48": "I'd like to speak to Mr. Smith please. \uc2a4\ubbf8\uc2a4\uc528 \uc880 \ubc14\uafb8\uc5b4 \uc8fc\uc138\uc694",
        "51": "I have three children, two girls and one boy. \uc544\uc774\uac00 \uc138\uba85\uc774\uc5d0\uc694. \ub538 \ub458 \uc544\ub4e4 \ud558\ub098",
        "54": "I'll be right back. \uace7 \ub3cc\uc544 \ub3cc\uac8c\uc694",
        "57": "I'll call back later. \ub098\uc911\uc5d0 \uc804\ud654 \ud560\uac8c\uc694",
        "60": "I'll call you on Friday. \uae08\uc694\uc77c\uc5d0 \uc804\ud654\ud560\uac8c\uc694",
        "63": "I'll teach you. \uac00\ub974\uccd0\ub4dc\ub9b4\uac8c\uc694",
        "66": "I'm ok. \uad1c\ucc2e\uc544\uc694",
        "69": "I need some tissues. \ud734\uc9c0\uac00 \ud544\uc694\ud574\uc694",
        "72": "Is there an English speaking guide? \uc601\uc5b4 \ud560 \uc904 \uc544\ub294 \uac00\uc774\ub4dc\uac00 \uc788\uc5b4\uc694?",
        "75": "I want to give you a gift. \ub2f9\uc2e0\uc5d0\uac8c \uc120\ubb3c\uc744 \uc8fc\uace0 \uc2f6\uc5b4\uc694",
        "78": "Male or female? \uc5ec\uc790 \uc544\ub2c8\uba74 \ub0a8\uc790",
        "81": "My cell phone doesn't have good reception. \ub0b4 \ud734\ub300\ud3f0\uc774 \uc1a1\uc2e0\uc774 \uc548 \uc88b\uc544\uc694",
        "84": "My cell phone doesn't work. \ub0b4 \ud734\ub300\ud3f0\uc774 \uace0\uc7a5\uc774 \ub0ac\uc5b4\uc694",
        "87": "Please take off your shoes. \uc2e0\ubc1c\uc744 \ubc97\uc73c\uc138\uc694",
        "90": "(adsbygoogle = window.adsbygoogle || []).push({});",
        "91": "Sorry, I think I have the wrong number. \ubbf8\uc548\ud558\uc9c0\ub9cc \uc804\ud654 \uc798 \ubabb \ud588\uc5b4\uc694",
        "94": "What is the area code? \uc9c0\uc5ed \ubc88\ud638\uac00 \ubb50\uc608\uc694?",
        "97": "What's the name of the company you work for? \uc9c0\uae08 \uc77c\ud558\uc2dc\ub294 \ud68c\uc0ac \uc774\ub984\uc774 \ubb50\uc608\uc694?",
        "100": "What's wrong? \ubb50\uac00 \uc798\ubabb \ub418\uc5c8\uc5b4\uc694?",
        "103": "What's your address? \uc8fc\uc18c\uac00 \ubb50\uc608\uc694?",
        "106": "Where can I find a hospital? \uc5b4\ub514\uc11c \ubcd1\uc6d0\uc744 \ucc3e\uc744 \uc218 \uc788\uc5b4\uc694?",
        "109": "Where's the closest restaurant? \uac00\uae4c\uc6b4 \uc2dd\ub2f9\uc774 \uc5b4\ub514\uc5d0 \uc788\uc5b4\uc694?",
        "112": "Where's the pharmacy? \uc57d\uad6d\uc774 \uc5b4\ub514 \uc788\uc5b4\uc694?",
        "115": "Who are you? \ub204\uad6c\uc138\uc694?",
        "118": "Who is that? \ub204\uad6c\uc138\uc694?",
        "121": "Who would you like to speak to? \ub204\uad6c \ud558\uace0 \ud1b5\ud654\ud558\uace0 \uc2f6\uc5b4\uc694?",
        "124": "Will you take me home? \uc9d1\uc5d0 \ub370\ub824\ub2e4 \uc8fc\uc138\uc694",
        "127": "Would you like water or milk? \uc6b0\uc720 \uc544\ub2c8\uba74 \ubb3c \ub4dc\uc2dc\uaca0\uc5b4\uc694?"
    },
    "\uc2dc\uac04\uacfc \ub0a0\uc9dc": {
        "Link": "http://englishspeak.com/ko/english-phrases?category_key=7",
        "0": "11 days ago. \uc2ed\uc77c\uc77c \uc804",
        "3": "2 hours. \ub450 \uc2dc\uac04",
        "6": "All day. \ud558\ub8e8 \uc885\uc77c",
        "9": "A long time ago. \uc624\ub798 \uc804\uc5d0",
        "12": "Are they coming this evening? \uadf8\ub4e4\uc774 \uc624\ub298 \uc800\ub141\uc5d0 \uc640\uc694?",
        "15": "Are you comfortable? \ud3b8\ud558\uc138\uc694?",
        "18": "Are your children with you? \uc9c0\uae08 \uc544\uc774\ub4e4\uacfc \uc788\uc5b4\uc694?",
        "21": "As soon as possible. \ube60\ub974\uba74 \ube60\ub97c \uc218\ub85d",
        "24": "At 3 o'clock in the afternoon. \uc624\ud6c4 \uc138\uc2dc",
        "27": "At 5th street. \uc624\ubc88 \uac00",
        "30": "At 7 o'clock at night. (evening)? \uc800\ub141 \uc77c\uacf1\uc2dc",
        "33": "At 7 o'clock in the morning. \uc544\uce68 \uc77c\uacf1\uc2dc",
        "36": "At what time did it happen? \uba87\uc2dc\uc5d0 \uadf8 \uc77c\uc774 \ubc1c\uc0dd\ud588\uc5b4\uc694?",
        "39": "Can I help you? \ub3c4\uc640 \ub4dc\ub9b4\uae4c\uc694?",
        "42": "Do you have a swimming pool? \uc218\uc601\uc7a5 \uc788\uc5b4\uc694?",
        "45": "Do you have this in size 11? 11 \uc0ac\uc774\uc988\ub85c \uc774\uac70 \uc788\uc5b4\uc694?",
        "48": "Do you think you'll be back by 11:30? \ub0b4\uc77c \uc5f4\ud55c\uc2dc \ubc18\uae4c\uc9c0 \uc62c \uc218 \uc788\uc744 \uac83 \uac19\uc544\uc694?",
        "51": "Everyday I get up at 6AM. \ub9e4\uc77c \ub098\ub294 \uc5ec\uc12f\uc2dc\uc5d0 \uc77c\uc5b4\ub098\uc694",
        "54": "Every week. \ub9e4\uc8fc",
        "57": "Expiration date. \uc720\ud6a8\uae30\uac04",
        "60": "Have you been waiting long? \uc624\ub798 \uae30\ub2e4\ub838\uc5b4\uc694?",
        "63": "He'll be back in 20 minutes. \uadf8\ub294 20\ubd84\ud6c4\uc5d0 \ub3cc\uc544 \uc62c\uac70\uc608\uc694",
        "66": "His family is coming tomorrow. \uadf8\uc758 \uac00\uc871\uc774 \ub0b4\uc77c \uc640\uc694",
        "69": "How about Saturday? \ud1a0\uc694\uc77c \uc5b4\ub54c\uc694?",
        "72": "How long are you going to stay? \uc5bc\ub9c8\ub098 \uba38\ubb34\uc2e4\uac70\uc608\uc694?",
        "75": "How long are you going to stay in California? \uce98\ub9ac\ud3ec\ub2c8\uc544\uc5d0\uc11c \uc5bc\ub9c8\ub098 \uba38\ubb3c\uac70\uc608\uc694?",
        "78": "How long will it take? \uc5bc\ub9c8\ub098 \uac78\ub824\uc694?",
        "81": "How much altogether? \uc804\ubd80\ub2e4 \uc5bc\ub9c8?",
        "84": "How much will it cost? \uc5bc\ub9c8\ub098 \ub3c8\uc774 \ub4e4\uae4c\uc694?",
        "87": "I don't have enough money. \ub3c8\uc774 \ucda9\ubd84\ud788 \uc5c6\uc5b4\uc694",
        "90": "(adsbygoogle = window.adsbygoogle || []).push({});",
        "91": "I'm getting ready to go out. \ubc16\uc5d0 \ub098\uac08 \uc900\ube44\ub97c \ud558\uace0 \uc788\uc5b4\uc694",
        "94": "I'm just looking. (Shopping) \uadf8\ub0e5 \uad6c\uacbd\ud558\uace0 \uc788\uc5b4\uc694",
        "97": "I'm worried too. \uc800\ub3c4 \uac71\uc815\uc774 \ub418\uc5b4\uc694",
        "100": "It'll be cold this evening. \uc624\ub298 \uc800\ub141\uc5d0 \ucd94\uc6b8\uac70\uc608\uc694",
        "103": "It rained very hard today. \uc624\ub298 \ube44\uac00 \ub9ce\uc774 \uc654\uc5b4\uc694",
        "106": "It's 17 dollars. \uc2ed\uce60\ubd88 \uc774\uc5d0\uc694",
        "109": "It's 6AM. \uc624\uc804 \uc5ec\uc12f\uc2dc\uc608\uc694",
        "112": "It's 8:45. \uc5ec\ub35f\uc2dc \uc0ac\uc2ed\uc624\ubd84\uc774\uc5d0\uc694",
        "115": "It's a quarter to 7. \uc77c\uacf1\uc2dc \uc2ed \uc624\ubd84 \uc804\uc774\uc5d0\uc694",
        "118": "It's going to snow today. \uc624\ub298 \ub208\uc774 \uc62c\uac70\uc608\uc694",
        "121": "It's here. \uc5ec\uae30\uc608\uc694",
        "124": "It's there. \uac70\uae30\uc5d0\uc694",
        "127": "I've already seen it. \ubc8c\uc368 \ubcf4\uc558\uc5b4\uc694",
        "130": "John is going on vacation tomorrow. \uc874\uc740 \ub0b4\uc77c \ud734\uac00\uc5d0 \uac00\uc694",
        "133": "My birthday is August 27th. \ub0b4 \uc0dd\uc77c\uc740 \ud314\uc6d4 \uc774\uc2ed\ud544\uc77c\uc774\uc5d0\uc694",
        "136": "Now or later? \uc9c0\uae08\uc544\ub2c8\uba74 \ub098\uc911\uc5d0",
        "139": "October 22nd. \uc2dc\uc6d4 \uc774\uc2ed\uc774\uc77c",
        "142": "She wants to know when you're coming. \ub2f9\uc2e0\uc774 \uc5b8\uc81c \uc624\ub294\uc9c0 \uc54c\uace0 \uc2f6\uc5b4\ud574\uc694",
        "145": "Sometimes I go to sleep at 11PM, sometimes at 11:30PM. \uc5b4\ub5a4 \ub54c\ub294 \uc624\ud6c4 11\uc2dc \uc5b4\ub5a4 \ub54c\ub294 11\uc2dc \ubc18\uc5d0 \uc790\uc694",
        "148": "There's plenty of time. \uc2dc\uac04\uc774 \ub9ce\uc544\uc694",
        "151": "The whole day. \ud558\ub8e8\uc885\uc77c",
        "154": "We're late. \ub2a6\uc5c8\uc5b4\uc694",
        "157": "What day are they coming over? \uadf8\ub4e4\uc774 \uc5b8\uc81c \uc640\uc694?",
        "160": "What day of the week is it? \uc624\ub298\uc774 \ubb34\uc2a8 \uc694\uc77c\uc774\uc5d0\uc694?",
        "163": "What is today's date? \uc624\ub298 \uba70\uce60\uc774\uc5d0\uc694?",
        "166": "What's your religion? \uc885\uad50\uac00 \ubb50\uc608\uc694?",
        "169": "What time are they arriving? \uadf8\ub4e4\uc774 \uc5b8\uc81c \ub3c4\ucc29\ud574\uc694?",
        "172": "What time did you get up? \uba87\uc2dc\uc5d0 \uc77c\uc5b4\ub0ac\uc5b4\uc694?",
        "175": "What time did you go to sleep? \uba87\uc2dc\uc5d0 \uc7a4\uc5b4\uc694?",
        "178": "What time did you wake up? \uba87\uc2dc\uc5d0 \uc77c\uc5b4\ub0ac\uc5b4\uc694?",
        "181": "(adsbygoogle = window.adsbygoogle || []).push({});",
        "182": "What time does it start? \uba87\uc2dc\uc5d0 \uc2dc\uc791\ud574\uc694?",
        "185": "What time do you think you'll arrive? \uba87\uc2dc\uc5d0 \ub3c4\ucc29\ud560\uac70 \uac19\uc544\uc694?",
        "188": "What time is it? \uc9c0\uae08 \uba87\uc2dc\uc608\uc694?",
        "191": "When are they coming? \uc5b8\uc81c \uadf8\ub4e4\uc774 \uc640\uc694?",
        "194": "When are you coming back? \uc5b8\uc81c \ub3cc\uc544 \uc624\uc2e4\uac70\uc608\uc694?",
        "197": "When are you going to pick up your friend? \uce5c\uad6c \ub370\ub9ac\ub7ec \uc5b8\uc81c \uac00\uc2e4\uac70\uc608\uc694?",
        "200": "When are you leaving? \uc5b8\uc81c \ub5a0\ub0a0 \uac70\uc608\uc694?",
        "203": "When are you moving? \uc5b8\uc81c \uc774\uc0ac\ud558\uc138\uc694?",
        "206": "When is the next bus to Philidalphia? \uc5b8\uc81c \ub2e4\uc74c \ud544\ub77c\ub378\ud53c\uc544 \ud589 \ubc84\uc2a4\uac00 \uc788\uc5b4\uc694?",
        "209": "When is your birthday? \uc0dd\uc77c\uc774 \uc5b8\uc81c\uc608\uc694?",
        "212": "When I went to the store, they didn't have any apples. \ub0b4\uac00 \uac00\uac8c\uc5d0 \uac14\uc744 \ub54c \uc0ac\uacfc\uac00 \uc5c6\uc5c8\uc5b4\uc694",
        "215": "When was the last time you talked to your mother? \uc5b8\uc81c \ub9c8\uc9c0\ub9c9\uc73c\ub85c \uc5b4\uba38\ub2c8\uc640 \uc774\uc57c\uae30 \ud588\uc5b4\uc694?",
        "218": "When will he be back? \uc5b8\uc81c \uadf8\uac00 \ub3cc\uc544\uc640\uc694?",
        "221": "When will it be ready? \uc5b8\uc81c \uadf8\uac8c \uc900\ube44\uac00 \ub418\uc5b4\uc694?",
        "224": "Where are you going to go? \uc5b4\ub514\uc5d0 \uac00\uc2e4\uac70\uc608\uc694?"
    },
    "\uc219\ubc15": {
        "Link": "http://englishspeak.com/ko/english-phrases?category_key=8",
        "0": "Are you busy? \ubc14\ube60\uc694?",
        "3": "Can we have some more bread please? \ube75 \uc880 \ub354 \uc8fc\uc138\uc694",
        "6": "Do you have any money? \ub3c8 \uc788\uc5b4\uc694?",
        "9": "For how many nights? \uba70\uce60 \ub3d9\uc548",
        "12": "How long will you be staying? \uc5bc\ub9c8\ub098 \uba38\ubb34\uc2e4\uac70\uc608\uc694?",
        "15": "I'd like a map of the city. \uc774 \ub3c4\uc2dc \uc9c0\ub3c4 \uc8fc\uc138\uc694",
        "18": "I'd like a non-smoking room. \uae08\uc5f0 \ubc29\uc744 \uc8fc\uc138\uc694",
        "21": "I'd like a room. \ubc29 \ud558\ub098 \uc8fc\uc138\uc694",
        "24": "I'd like a room with two beds please. \uce68\ub300\uac00 \ub450\uac1c \uc788\ub294 \ubc29\uc744 \uc8fc\uc138\uc694",
        "27": "I need a doctor. \uc758\uc0ac\uac00 \ud544\uc694\ud574\uc694",
        "30": "Is there a nightclub in town? \uc774 \ub9c8\uc744\uc5d0 \ub098\uc774\ud2b8 \ud074\ub7fd\uc774 \uc788\uc5b4\uc694?",
        "33": "Is there a restaurant in the hotel? \ud638\ud154 \uc548\uc5d0 \uc2dd\ub2f9\uc774 \uc788\uc5b4\uc694?",
        "36": "Is there a store near here? \uc5ec\uae30 \uadfc\ucc98\uc5d0 \uac00\uac8c\uac00 \uc788\uc5b4\uc694?",
        "39": "Sorry, we don't have any vacancies. \ubbf8\uc548\ud558\uc9c0\ub9cc \uc790\ub9ac\uac00 \uc5c6\uc5b4\uc694",
        "42": "Take me to the Marriott Hotel. \uba54\ub9ac\uc5b4\ud2b8 \ud638\ud154\uc5d0 \ub370\ub824\ub2e4 \uc8fc\uc138\uc694",
        "45": "What's the charge per night? (Hotel) \ud558\ub8e8 \ubc24\uc5d0 \uc5bc\ub9c8\uc608\uc694?",
        "48": "What time is check out? \uba87\uc2dc\uac00 \uccb4\ud06c\uc544\uc6c3 \uc2dc\uac04\uc774\uc5d0\uc694?",
        "51": "Where is the airport? \uacf5\ud56d\uc774 \uc5b4\ub514\uc5d0 \uc788\uc5b4\uc694?",
        "54": "Where's the mail box? \uc6b0\ud3b8\ud568\uc774 \uc5b4\ub514 \uc788\uc5b4\uc694?"
    },
    "\uc2dd\uc0ac": {
        "Link": "http://englishspeak.com/ko/english-phrases?category_key=9",
        "0": "Are you here alone? \ud63c\uc790 \uc654\uc5b4\uc694?",
        "3": "Can I bring my friend? \uc81c \uce5c\uad6c\ub97c \ub370\ub824\uc640\ub3c4 \ub3fc\uc694?",
        "6": "Can I have a receipt please? \uc601\uc218\uc99d \uc880 \uc8fc\uc138\uc694",
        "9": "Can it be cheaper? \ub354 \uc2f8\uac8c \ud574 \uc8fc\uc138\uc694",
        "12": "Can we have a menu please. \uba54\ub274 \uc880 \ubcf4\uc5ec \uc8fc\uc138\uc694",
        "15": "Can you hold this for me? \uc774\uac83 \uc880 \uc7a1\uc544 \uc8fc\uc138\uc694",
        "18": "Do you have any children? \uc790\ub140\uac00 \uc788\uc5b4\uc694?",
        "21": "Do you know how much it costs? \uc774\uac8c \uc5bc\ub9c8\uc778\uc9c0 \uc54c\uc544\uc694?",
        "24": "Have you eaten at that restaurant? \uadf8 \uc2dd\ub2f9\uc5d0\uc11c \uba39\uc5b4 \ubcf8\uc801 \uc788\uc5b4\uc694?",
        "27": "Have you eaten yet? \uc2dd\uc0ac\ud588\uc5b4\uc694?",
        "30": "Have you ever had Potato soup? \uac10\uc790\ud0d5 \uba39\uc5b4 \ubcf4\uc558\uc5b4\uc694?",
        "33": "He likes juice but he doesn't like milk \uadf8\ub294 \uc96c\uc2a4\ub294 \uc88b\uc544\ud558\uc9c0\ub9cc \uc6b0\uc720\ub294 \ubcc4\ub85c \uc88b\uc544\ud558\uc9c0 \uc54a\uc544\uc694",
        "36": "Here is your salad. \uc5ec\uae30 \uc0d0\ub7ec\ub4dc \uc788\uc2b5\ub2c8\ub2e4.",
        "39": "Here's your order. \uc5ec\uae30 \uc8fc\ubb38\ud558\uc2e0 \uac83 \uc785\ub2c8\ub2e4.",
        "42": "How does it taste? \uc5b4\ub5a4 \ub9db\uc774\uc5d0\uc694?",
        "45": "How many people? (restaurant) \uba87 \ubd84\uc774\uc138\uc694?",
        "48": "I agree. \ub3d9\uc758 \ud574\uc694",
        "51": "I'd like a table near the window. \ucc3d\ubb38 \uc606 \uc790\ub9ac\ub97c \uc8fc\uc138\uc694",
        "54": "I'd like to call the United States. \ubbf8\uad6d\uc5d0 \uc804\ud654 \ud558\uace0 \uc2f6\uc5b4\uc694",
        "57": "I haven't been there. \uac70\uae30\uc5d0 \uc548 \uac00 \ubcf4\uc558\uc5b4\uc694",
        "60": "I haven't finished eating. \uc544\uc9c1 \ub2e4 \ubabb \uba39\uc5c8\uc5b4\uc694",
        "63": "I like it. \uadf8\uac83\uc744 \uc88b\uc544\ud574\uc694",
        "66": "I'll give you a call. \uc804\ud654 \ud560\uac8c\uc694",
        "69": "I'll have a cup of tea please. \ucc28 \ud55c\uc794 \ud560\uac8c\uc694",
        "72": "I'll have a glass of water please. \ubb3c \ud55c \uc794 \uc8fc\uc138\uc694",
        "75": "I'm from America. \ubbf8\uad6d\uc5d0\uc11c \uc654\uc5b4\uc694",
        "78": "I'm going to bed. \uc798 \uac70\uc608\uc694",
        "81": "I'm here on business. \uc5ec\uae30\uc5d0 \uc77c \ub54c\ubb38\uc5d0 \uc654\uc5b4\uc694",
        "84": "I'm sorry. \ubbf8\uc580\ud569\ub2c8\ub2e4.",
        "87": "I only have 5 dollars. 5\ubd88 \ubc16\uc5d0 \uc5c6\uc5b4\uc694",
        "90": "(adsbygoogle = window.adsbygoogle || []).push({});",
        "91": "I think I need to see a doctor. \ubcd1\uc6d0\uc5d0 \uac00\uc57c \ud560 \uac83 \uac19\uc544\uc694",
        "94": "It's August 25th. \ud314\uc6d4 \uc774\uc2ed \uc624\uc77c\uc774\uc5d0\uc694",
        "97": "I understand. \uc774\ud574\ud574\uc694",
        "100": "June 3rd. \uc720\uc6d4 \uc0bc\uc77c",
        "103": "The food was delicious. \uc774 \uc74c\uc2dd\uc774 \ub9db\uc774 \uc788\uc5b4\uc694",
        "106": "There are some apples in the refrigerator. \ub0c9\uc7a5\uace0\uc5d0 \uc0ac\uacfc\uac00 \uc788\uc5b4\uc694",
        "109": "There's a restaurant near here. \uc5ec\uae30 \uadfc\ucc98\uc5d0 \uc2dd\ub2f9\uc774 \uc788\uc5b4\uc694",
        "112": "There's a restaurant over there, but I don't think it's very good. \uac70\uae30\uc5d0 \uc2dd\ub2f9\uc774 \uc788\ub294\ub370 \ubcc4\ub85c \ub9db\uc774 \uc5c6\uc5b4\uc694",
        "115": "Waiter! \uc6e8\uc774\ud130",
        "118": "Waitress! \uc6e8\uc774\ud2b8\ub808\uc2a4",
        "121": "We can eat Italian or Chinese food. \uc6b0\ub9ac\ub294 \uc774\ud0dc\ub9ac \uc74c\uc2dd\uc774\ub098 \uc911\uad6d \uc74c\uc2dd\uc744 \uba39\uc744 \uc218 \uc788\uc5b4\uc694",
        "124": "We'll have two glasses of water please. \ubb3c \ub450 \uc794 \uc880 \uc8fc\uc138\uc694",
        "127": "What are you going to have? \ubb58 \ub4dc\uc2e4 \uac70\uc608\uc694?",
        "130": "What do you recommend? \ubb58 \ucd94\ucc9c \ud558\uc2dc\uaca0\uc5b4\uc694?",
        "133": "What's your email address? \uc774\uba54\uc77c\uc774 \ubb50\uc608\uc694?",
        "136": "What would you like to drink? \ubb50 \ub9c8\uc2dc\uace0 \uc2f6\uc5b4\uc694?",
        "139": "What would you like to eat? \ubb50 \ub4dc\uc2dc\uace0 \uc2f6\uc5b4\uc694?",
        "142": "Where is an ATM? \ud604\uae08 \uc778\ucd9c\uae30\uac00 \uc5b4\ub514 \uc788\uc5b4\uc694?",
        "145": "Where is there a doctor who speaks English? \uc601\uc5b4\ub97c \ud560 \uc218 \uc788\ub294 \uc758\uc0ac\uac00 \uc5b4\ub514\uc5d0 \uc788\uc5b4\uc694?",
        "148": "Which one? \uc5b4\ub5a4 \uac83?",
        "151": "Would you ask him to come here? \uc5ec\uae30 \uc624\ub77c\uace0 \uc774\uc57c\uae30 \ud574 \uc8fc\uc138\uc694",
        "154": "Would you like a glass of water? \ubb3c \ud55c \uc794 \ub4dc\uc2dc\uaca0\uc5b4\uc694?",
        "157": "Would you like coffee or tea? \ucee4\ud53c \ub4dc\uc2dc\uaca0\uc5b4\uc694 \uc544\ub2c8\uba74 \ucc28 \ub4dc\uc2dc\uaca0\uc5b4\uc694?",
        "160": "Would you like something to drink? \ubb50 \uc880 \ub9c8\uc2dc\uaca0\uc5b4\uc694?",
        "163": "Would you like some water? \ubb3c \uc880 \ub4dc\uc2dc\uaca0\uc5b4\uc694?",
        "166": "Would you like some wine? \ud3ec\ub3c4\uc8fc \ud55c \uc794 \ub4dc\uc138\uc694",
        "169": "Would you like to go for a walk? \uc0b0\ucc45 \uc880 \ud558\uc2dc\uaca0\uc5b4\uc694?",
        "172": "Would you like to watch TV? \ud154\ub808\ube44\uc83c \ubcf4\uc2dc\uaca0\uc5b4\uc694?"
    },
    "\uce5c\uad6c \uc0ac\uadc0\uae30": {
        "Link": "http://englishspeak.com/ko/english-phrases?category_key=10",
        "0": "Are you American? \ubbf8\uad6d\uc778\uc774\uc138\uc694?",
        "3": "Are you coming this evening? \uc624\ub298 \uc800\ub141\uc5d0 \uc640\uc694?",
        "6": "Are you free tonight? \uc624\ub298 \uc800\ub141\uc5d0 \uc2dc\uac04 \uc788\uc5b4\uc694?",
        "9": "Are you going to take a plane or train? \ube44\ud589\uae30\ub97c \ud0c8\uac70\uc5d0\uc694 \uc544\ub2c8\uba74 \uae30\ucc28\ub97c \ud0c8 \uac70\uc608\uc694?",
        "12": "Are you hungry? \ubc30\uac00 \uace0\ud30c\uc694?",
        "15": "Are you sure? \ud655\uc2e4\ud574\uc694?",
        "18": "Are you working Tomorrow? \ub0b4\uc77c \uc77c\ud574\uc694?",
        "21": "Business is good. \uc7a5\uc0ac\uac00 \uc798 \ub3fc\uc694",
        "24": "Cheers! \uac74\ubc30",
        "27": "Did it snow yesterday? \uc5b4\uc81c \ub208 \uc654\uc5b4\uc694",
        "30": "Did you get my email? \uc774\uba54\uc77c \ubc1b\uc558\uc5b4\uc694?",
        "33": "Did you take your medicine? \uc57d\uc744 \uba39\uc5c8\uc5b4\uc694?",
        "36": "Do you feel better? \uc9c0\uae08 \uc870\uae08 \ub098\uc544\uc9c0\uc138\uc694?",
        "39": "Do you go to Florida often? \ud50c\ub85c\ub9ac\ub2e4\uc5d0 \uc790\uc8fc \uac00\uc694?",
        "42": "Do you have another one? \ub610 \ud558\ub098 \uc788\uc5b4\uc694?",
        "45": "Do you know where there's a store that sells towels? \uc218\uac74\uc744 \ud30c\ub294 \uac00\uac8c\uac00 \uc5b4\ub514 \uc788\ub294\uc9c0 \uc54c\uc544\uc694?",
        "48": "Do you like it here? \uc5ec\uae30 \uc88b\uc544\uc694?",
        "51": "Do you like the book? \uadf8 \ucc45\uc774 \uc88b\uc544\uc694?",
        "54": "Do you need anything? \ud544\uc694\ud55c \uac83 \uc5c6\uc73c\uc138\uc694?",
        "57": "Do you play any sports? \uc6b4\ub3d9 \ud558\uc2dc\ub294 \uac83 \uc788\uc5b4\uc694?",
        "60": "Do you sell medicine? (store) \uc57d \ud314\uc544\uc694?",
        "63": "Do you study English? \uc601\uc5b4 \uacf5\ubd80 \ud574\uc694?",
        "66": "Do you want to come with me? \uc800\ud558\uace0 \uac19\uc774 \uc624\uace0 \uc2f6\uc73c\uc138\uc694?",
        "69": "Do you want to go with me? \ub098\ud558\uace0 \uac19\uc774 \uac00\uace0 \uc2f6\uc73c\uc138\uc694?",
        "72": "Excuse me. \uc8c4\uc1a1\ud569\ub2c8\ub2e4",
        "75": "Give me a call. \uc804\ud654 \uc8fc\uc138\uc694",
        "78": "Has your brother been to California? \ub0a8\ub3d9\uc0dd\uc774 \uce98\ub9ac\ud3ec\ub2c8\uc544\uc5d0 \uac00 \ubcf8 \uc801\uc774 \uc788\uc5b4\uc694?",
        "81": "Have they met her yet? \uadf8\ub4e4\uc774 \uadf8\ub140\uc744 \ubc8c\uc368 \ub9cc\ub0ac\uc5b4\uc694?",
        "84": "Have you done this before? \uadf8 \uc804\uc5d0 \ud574\ubcf8 \uc801 \uc788\uc5b4\uc694?",
        "87": "How long have you been here? \uc5bc\ub9c8\ub098 \uc624\ub7ab\ub3d9\uc548 \uc788\uc5c8\uc5b4\uc694?",
        "90": "(adsbygoogle = window.adsbygoogle || []).push({});",
        "91": "How long have you been in America? \ubbf8\uad6d\uc5d0 \uc5bc\ub9c8\ub098 \uc788\uc5c8\uc5b4\uc694?",
        "94": "How long have you lived here? \uc5ec\uae30 \uc5bc\ub9c8\ub098 \uc0b4\uc558\uc5b4\uc694?",
        "97": "How many children do you have? \uc790\ub140\uac00 \uba87\uba85\uc774\uc5d0\uc694?",
        "100": "How many languages do you speak? \uba87 \uac1c \uad6d\uc5b4\ub97c \ud574\uc694?",
        "103": "How many people do you have in your family? \uac00\uc871\uc774 \uba87 \uba85\uc774\uc5d0\uc694?",
        "106": "How much would you like? \uc5bc\ub9c8\ub098 \ub4dc\ub9b4\uae4c\uc694?",
        "109": "How old are you? \uba87 \uc0b4\uc774\uc5d0\uc694?",
        "112": "I bought a shirt yesterday. \uc5b4\uc81c \uc0c8 \uc154\uce20\ub97c \uc0c0\uc5b4\uc694",
        "115": "I don't feel well. \uc798 \uc548 \ub290\uaef4\uc838\uc694",
        "118": "I have pain in my arm. \ud314\uc774 \uc544\ud30c\uc694",
        "121": "I have to wash my clothes. \uc637\uc744 \ube68\uc544\ud590 \ud574\uc694",
        "124": "I have two sisters. \uc5ec\ub3d9\uc0dd/\uc5b8\ub2c8\uac00 \ub450\uba85 \uc788\uc5b4\uc694",
        "127": "I'll tell him you called. \uc804\ud654\ud558\uc168\ub2e4\uace0 \uc804\ud574\ub4dc\ub9b4\uac8c\uc694",
        "130": "I'm 32. \uc800\ub294 \uc11c\ub978 \uc138\uc0b4\uc774\uc5d0\uc694",
        "133": "I'm 6'2\". \uc721\uc778\uce58 \uc774\ud53c\ud2b8\uc608\uc694",
        "136": "I'm allergic to seafood. \ud574\ubb3c\uc5d0 \uc54c\ub7ec\uc9c0\uac00 \uc788\uc5b4\uc694",
        "139": "I'm American. \ubbf8\uad6d \uc0ac\ub78c\uc774\uc5d0\uc694",
        "142": "I'm a size 8. 8 \uc0ac\uc774\uc988\uc608\uc694",
        "145": "I'm fine, and you? \uc800\ub294 \uc88b\uc740\ub370 \uc5b4\ub5a0\uc138\uc694?",
        "148": "I'm not afraid. \ub450\ub835\uc9c0 \uc54a\uc544\uc694",
        "151": "I'm sick. \ubc14\ube60\uc694",
        "154": "I remember. \uae30\uc5b5\uc774 \ub098\uc694",
        "157": "I speak a little English. \uc601\uc5b4\ub97c \uc870\uae08 \ud574\uc694",
        "160": "Is your house like this one? \ub2f9\uc2e0 \uc9d1\uc774 \uc774\uac83\uacfc \ube44\uc2b7\ud574\uc694?",
        "163": "Is your husband also from Boston? \ub0a8\ud3b8\ub3c4 \ubcf4\uc2a4\ud1a4\uc5d0\uc11c \uc654\uc5b4\uc694?",
        "166": "It's not very expensive. \uadf8\ub9ac \ube44\uc2f8\uc9c0 \uc54a\uc544\uc694",
        "169": "I've been there. \uac70\uae30 \uac00 \ubcf4\uc558\uc5b4\uc694.",
        "172": "Let's share. \uac19\uc774 \ub098\ub215\uc2dc\ub2e4",
        "175": "My daughter is here. \ub0b4 \ub538\uc774\uc5ec\uae30 \uc788\uc5b4\uc694",
        "178": "My father has been there. \ub0b4 \uc544\ubc84\uc9c0\uac00 \uc5ec\uae30 \uc788\uc5c8\uc5b4\uc694",
        "181": "(adsbygoogle = window.adsbygoogle || []).push({});",
        "182": "My father is a lawyer. \ub0b4 \uc544\ubc84\uc9c0\uac00 \ubbf8\uad6d\uc778\uc774\uc5d0\uc694",
        "185": "My grandmother passed away last year. \uc6b0\ub9ac \ud560\uc544\ubc84\uc9c0\uac00 \uc791\ub144\uc5d0 \ub3cc\uc544\uac00\uc168\uc5b4\uc694",
        "188": "My name is John Smith. \ub0b4 \uc774\ub984\uc740 \uc874 \uc2a4\ubbf8\uc2a4\uc608\uc694",
        "191": "My son. \ub0b4 \uc544\ub4e4",
        "194": "My son studies computers. \ub0b4 \uc544\ub4e4\uc740 \ucef4\ud4e8\ud130\ub97c \uacf5\ubd80\ud574\uc694",
        "197": "No, I'm American. \uc544\ub2c8\uc624, \uc800\ub294 \ubbf8\uad6d\uc778\uc774\uc5d0\uc694",
        "200": "No, this is the first time. \uc544\ub2c8\uc624, \uc774\ubc88\uc774 \ucc98\uc74c\uc774\uc5d0\uc694",
        "203": "Our children are in America. \ub0b4 \uc544\uc774\ub4e4\uc774 \ubbf8\uad6d\uc5d0 \uc788\uc5b4\uc694",
        "206": "She's an expert. \uadf8\ub140\ub294 \uc804\ubb38\uac00\uc608\uc694",
        "209": "She's older than me. \uadf8\ub140\ub294 \ub098\ubcf4\ub2e4 \ub098\uc774\uac00 \ub9ce\uc544\uc694",
        "212": "That car is similar to my car. \uc774 \ucc28\ub294 \ub0b4 \ucc28\uc640 \ube44\uc2b7\ud574\uc694",
        "215": "This is Mrs. Smith. \uc774 \ubd84\uc740 \uc2a4\ubbf8\uc2a4 \ubd80\uc778\uc785\ub2c8\ub2e4.",
        "218": "This is my mother. \uc774\ubd84\uc740 \uc6b0\ub9ac \uc5b4\uba38\ub2c8\uc785\ub2c8\ub2e4.",
        "221": "This is the first time I've been here. \uc774\ubc88\uc774 \uc5ec\uae30 \ucc98\uc74c\uc785\ub2c8\ub2e4.",
        "224": "We have two boys and one girl. \uc6b0\ub9ac\ub294 \uc544\ub4e4 \ub458\uacfc \ub538 \ud558\ub098\uac00 \uc788\uc5b4\uc694",
        "227": "What are you going to do tonight? \uc624\ub298 \ubc24 \ubb34\uc5c7\uc744 \ud560 \uac70\uc608\uc694?",
        "230": "What are your hobbies? \ucde8\ubbf8\uac00 \ubb50\uc608\uc694?",
        "233": "What do you study? \ubb58 \uacf5\ubd80\ud558\uc138\uc694?",
        "236": "What do you want to do? \ubb58 \ud558\uace0 \uc2f6\uc5b4\uc694?",
        "239": "What school did you go to? \uc5b4\ub290 \ud559\uad50\ub97c \uc878\uc5c5\ud588\uc5b4\uc694?",
        "242": "What's your favorite movie? \uac00\uc7a5 \uc88b\uc544\ud558\ub294 \uc601\ud654\uac00 \ubb50\uc608\uc694?",
        "245": "What's your last name? \uc131\uc774 \ubb50\uc608\uc694?",
        "248": "What's your name? \uc774\ub984\uc774 \ubb50\uc608\uc694?",
        "251": "Where are the t-shirts? \ud2f0\uc154\uce20\uac00 \uc5b4\ub514 \uc788\uc5b4\uc694?",
        "254": "Where did you go? \uc5b4\ub514 \uac14\uc5b4\uc694?",
        "257": "Where did you learn English? \uc5b4\ub514\uc11c \uc601\uc5b4\ub97c \ubc30\uc6e0\uc5b4\uc694?",
        "260": "Where did you work before you worked here? \uc5b4\uae30\uc11c \uc77c\ud558\uae30 \uc804\uc5d0 \uc5b4\ub514\uc11c \uc77c\ud588\uc5b4\uc694?",
        "263": "Where do you live? \uc5b4\ub514\uc11c \uc0ac\uc138\uc694?",
        "266": "Where were you? \uc5b4\ub514\uc5d0 \uc788\uc5c8\uc5b4\uc694?",
        "269": "Who sent this letter? \uc774 \ud3b8\uc9c0\ub97c \ub204\uac00 \ubcf4\ub0c8\uc5b4\uc694?",
        "272": "(adsbygoogle = window.adsbygoogle || []).push({});",
        "273": "Would you like to buy this? \uc774\uac83 \uc0ac\uace0 \uc2f6\uc73c\uc138\uc694?",
        "276": "Your children are very well behaved. \uc544\uc774\ub4e4\uc774 \uc544\uc8fc \uad50\uc721\uc744 \uc798 \ubc1b\uc558\uc5b4\uc694",
        "279": "Your daughter. \ub2f9\uc2e0 \ub538",
        "282": "You're smarter than him. \ub2f9\uc2e0\uc774 \uadf8 \uc0ac\ub78c\ubcf4\ub2e4 \ud604\uba85\ud574\uc694",
        "285": "You speak English very well. \uc601\uc5b4\ub97c \uc544\uc8fc \uc798 \ud558\uc138\uc694"
    },
    "\uc624\ub77d": {
        "Link": "http://englishspeak.com/ko/english-phrases?category_key=11",
        "0": "Are there any concerts? \uc74c\uc545\ud68c\uac00 \uc788\uc5b4\uc694?",
        "3": "Do you want to go to the movies? \uadf9\uc7a5\uc5d0 \uac19\uc774 \uac00\uace0 \uc2f6\uc73c\uc138\uc694?",
        "6": "Have you seen this movie? \uc774 \uc601\ud654 \ubcf4\uc558\uc5b4\uc694?",
        "9": "He said you like to watch movies. \uadf8\uac00 \uadf8\ub7ec\ub294\ub370 \uc601\ud654\ub97c \uc88b\uc544\ud558\uc2e0\ub2e4\uba74\uc11c\uc694",
        "12": "How tall are you? \ud0a4\uac00 \uc5bc\ub9c8\ub098 \ucee4\uc694?",
        "15": "Is the bank far? \uc740\ud589\uc774 \uba40\uc5b4\uc694?",
        "18": "Is there a movie theater nearby? \uc5ec\uae30 \uac00\uae4c\uc6b4 \uacf3\uc5d0 \uadf9\uc7a5\uc774 \uc788\uc5b4\uc694?",
        "21": "What do people usually do in the summer in Los Angeles? \uc5d8\uc5d0\uc774\uc5d0\uc11c\ub294 \uc5ec\ub984\uc5d0 \uc8fc\ub85c \uc0ac\ub78c\ub4e4\uc774 \ubb58 \ud574\uc694?",
        "24": "What kind of music do you like? \ubb34\uc2a8 \uc74c\uc545\uc744 \uc88b\uc544\ud574\uc694?",
        "27": "What's your favorite food? \uac00\uc7a5 \uc88b\uc544\ud558\ub294 \uc74c\uc2dd\uc774 \ubb50\uc608\uc694?",
        "30": "What time does the movie start? \uba87\uc2dc\uc5d0 \uc601\ud654\uac00 \uc2dc\uc791\ud574\uc694?",
        "33": "Who was your teacher? \uc120\uc0dd\ub2d8\uc774 \ub204\uad6c\uc168\uc5b4\uc694?",
        "36": "Would you like to have dinner with me? \uc800\ud558\uace0 \uc2dd\uc0ac\ud558\uc2dc\uaca0\uc5b4\uc694?",
        "39": "Would you like to rent a movie? \uc601\ud654 \ud558\ub098 \ube4c\ub9ac\uc2dc\uaca0\uc5b4\uc694?"
    },
    "\uc1fc\ud551": {
        "Link": "http://englishspeak.com/ko/english-phrases?category_key=12",
        "0": "Can I have a glass of water please? \ubb3c \ud55c \uc794 \uc8fc\uc138\uc694",
        "3": "Can I use your phone? \uc804\ud654 \uc880 \uc4f8 \uc218 \uc788\uc5b4\uc694?",
        "6": "Do you have any vacancies? \ubc29 \uc788\uc5b4\uc694?",
        "9": "Do you have the number for a taxi? \ud0dd\uc2dc\ud68c\uc0ac \ubc88\ud638 \uc788\uc5b4\uc694?",
        "12": "Do you know her? \uadf8\ub140\ub97c \uc54c\uc544\uc694?",
        "15": "Do you know where she is? \uadf8\ub140\uac00 \uc5b4\ub514 \uc788\ub294\uc9c0 \uc54c\uc544\uc694?",
        "18": "Do you play basketball? \ub18d\uad6c \ud558\uc138\uc694?",
        "21": "Fill it up, please. (gas station) \uaf49 \ucc44\uc6cc \uc8fc\uc138\uc694",
        "24": "He needs some new clothes. \uadf8\ub294 \uc0c8 \uc637\uc774 \ud544\uc694\ud574\uc694",
        "27": "How much is that? \uc800\uac8c \uc5bc\ub9c8\uc608\uc694?",
        "30": "How much is this? \uc774\uac8c \uc5bc\ub9c8\uc608\uc694?",
        "33": "I believe you. \ub2f9\uc2e0\uc744 \ubbff\uc5b4\uc694",
        "36": "I'd like the number for the Hilton Hotel please. \ud790\ud2bc \ud638\ud154 \uc804\ud654 \ubc88\ud638 \uc880 \uc8fc\uc138\uc694",
        "39": "I'd like to buy a phone card please. \uc804\ud654 \uce74\ub4dc \ud558\ub098 \uc8fc\uc138\uc694",
        "42": "I'd like to go home. \uc9d1\uc5d0 \uac00\uace0 \uc2f6\uc5b4\uc694",
        "45": "I'd like to go shopping. \uc1fc\ud551\uac00\uace0 \uc2f6\uc5b4\uc694",
        "48": "If you like it I can buy more. \ub9cc\uc77c \uc88b\uc73c\uc2dc\uba74 \uc81c\uac00 \ub354 \uc0b4\uac8c\uc694",
        "51": "I'm a beginner. \ucd08\ubcf4\uc790\uc608\uc694",
        "54": "I'm full. \ubc30\uac00 \ubd88\ub7ec\uc694",
        "57": "I'm just kidding. \ub18d\ub2f4\uc774\uc5d0\uc694",
        "60": "I'm single. \ubbf8\ud63c\uc774\uc5d0\uc694",
        "63": "I speak two languages. \uc774 \uac1c \uad6d\uc5b4\ub97c \ud574\uc694",
        "66": "I thought he said something else. \uc81c \uc0dd\uac01\uc5d0\ub294 \uadf8\uac00 \ub2e4\ub974\uac8c \uc774\uc57c\uae30 \ud55c \uac83 \uac19\uc544\uc694",
        "69": "It's not too far. \uc5ec\uae30\uc11c \uba40\uc9c0 \uc54a\uc544\uc694",
        "72": "I usually drink coffee at breakfast. \ub098\ub294 \uc8fc\ub85c \uc544\uce68\uc5d0 \ucee4\ud53c\ub97c \ub9c8\uc154\uc694",
        "75": "Sorry, we don't have any. \ubbf8\uc548\ud558\uc9c0\ub9cc \ub354 \uc774\uc0c1 \uc5c6\uc5b4\uc694",
        "78": "The books are expensive. \uc774 \ucc45\uc740 \ube44\uc2f8\uc694",
        "81": "Try it on. \uc785\uc5b4\ubcf4\uc138\uc694",
        "84": "What do you want to buy? \ubb58 \uc0ac\uace0 \uc2f6\uc5b4\uc694?",
        "87": "What size? \ubb34\uc2a8 \uc0ac\uc774\uc988\ub97c \uc785\uc5b4\uc694?",
        "90": "(adsbygoogle = window.adsbygoogle || []).push({});",
        "91": "What time does the store open? \uba87\uc2dc\uc5d0 \uac00\uac8c\uac00 \ubb38\uc744 \uc5f4\uc5b4\uc694?",
        "94": "When does the plane arrive? \uc5b8\uc81c \ube44\ud589\uae30\uac00 \ub5a0\ub098\uc694?",
        "97": "Where are you? \uc5b4\ub514 \uc788\uc5b4\uc694?",
        "100": "Would you like something to eat? \ubb50 \uc880 \ub4dc\uc2dc\uaca0\uc5b4\uc694?"
    },
    "\ub300\ud654\uc758 \ubb38\uc81c": {
        "Link": "http://englishspeak.com/ko/english-phrases?category_key=13",
        "0": "Am I pronouncing it correctly? \ub0b4\uac00 \uc815\ud655\ud788 \ubc1c\uc74c \ud558\uace0 \uc788\uc5b4\uc694?",
        "3": "Can you do me a favor? \ubd80\ud0c1 \uc880 \ub4e4\uc5b4 \uc8fc\uc138\uc694",
        "6": "Can you help me? \ub3c4\uc640 \uc8fc\uc138\uc694",
        "9": "Can you please say that again? \ub2e4\uc2dc \ud55c \ubc88 \uc774\uc57c\uae30 \ud574 \uc8fc\uc138\uc694",
        "12": "Can you show me? \uc800\ud55c\ud14c \uc880 \ubcf4\uc5ec \uc8fc\uc138\uc694",
        "15": "Can you throw that away for me? \ub098\ud55c\ud14c \uc880 \uc804\ud574 \uc8fc\uc138\uc694",
        "18": "Does anyone here speak English? \uc5ec\uae30 \uc601\uc5b4 \ud560 \uc218 \uc788\ub294 \uc0ac\ub78c\uc788\uc5b4\uc694?",
        "21": "Don't do that. \ud558\uc9c0 \ub9c8\uc138\uc694",
        "24": "Do you believe that? \uadf8\uac83\uc744 \ubbff\uc73c\uc138\uc694?",
        "27": "Do you have a pencil? \ud39c \uc788\uc5b4\uc694?",
        "30": "Do you smoke? \ub2f4\ubc30 \ud3b4\uc694?",
        "33": "Do you speak English? \uc601\uc5b4 \ud560 \uc904 \uc54c\uc544\uc694?",
        "36": "Excuse me, what did you say? \uc8c4\uc1a1\ud558\uc9c0\ub9cc \ubb50\ub77c\uace0 \ud558\uc168\uc9c0\uc694?",
        "39": "Forget it. \ub410\uc2b5\ub2c8\ub2e4.",
        "42": "How do you pronounce that? \uadf8\uac83\uc744 \uc5b4\ub5bb\uac8c \ubc1c\uc74c\ud574\uc694?",
        "45": "How do you say it in English? \uc774\uac83\uc744 \uc5b4\ub5bb\uac8c \uc601\uc5b4\ub85c \uc774\uc57c\uae30 \ud574\uc694?",
        "48": "How do you spell it? \ucca0\uc790\uac00 \uc5b4\ub5bb\uac8c \ub3fc\uc694?",
        "51": "How do you spell the word \"Seattle?\" \uc2dc\uc560\ud2c0 \uc774\ub77c\ub294 \ub2e8\uc5b4 \ucca0\uc790\uac00 \uc5b4\ub5bb\uac8c \ub418\uc5b4\uc694?",
        "54": "I can swim. \uc218\uc601\ud560 \uc904 \uc54c\uc544\uc694",
        "57": "I can't hear you clearly. \uc798 \uc548\ub4e4\ub824\uc694",
        "60": "I don't mind. \uc0c1\uad00\uc5c6\uc5b4\uc694",
        "63": "I don't speak English very well. \uc601\uc5b4\ub97c \uc798 \ubabb \ud574\uc694",
        "66": "I don't think so. \uadf8\ub807\uac8c \uc0dd\uac01\ud558\uc9c0 \uc54a\uc544\uc694",
        "69": "I don't understand what your saying. \ubb34\uc2a8 \ub9d0\uc500\uc778\uc9c0 \uc798 \ubaa8\ub974\uaca0\uc5b4\uc694",
        "72": "Is there air conditioning in the room? \ubc29 \uc548\uc5d0 \uc5d0\uc5b4\ucee8\uc774 \uc788\uc5b4\uc694?",
        "75": "I think you have too many clothes. \ub2f9\uc2e0\uc740 \uc637\uc774 \ub108\ubb34 \ub9ce\uc740 \uac83 \uac19\uc544\uc694",
        "78": "I trust you. \ub2f9\uc2e0\uc744 \ubbff\uc5b4\uc694",
        "81": "I understand now. \uc9c0\uae08 \uc774\ud574\uac00 \ub418\uc5b4\uc694",
        "84": "Let's meet in front of the hotel. \ud638\ud154 \uc55e\uc5d0\uc11c \ub9cc\ub0a9\uc2dc\ub2e4",
        "87": "Please sit down. \uc549\uc73c\uc138\uc694",
        "90": "(adsbygoogle = window.adsbygoogle || []).push({});",
        "91": "Please speak English. \uc601\uc5b4\ub85c \ub9d0\ud574 \uc8fc\uc138\uc694",
        "94": "Please speak more slowly. \ub354 \ucc9c\ucc9c\ud788 \uc774\uc57c\uae30 \ud574 \uc8fc\uc138\uc694",
        "97": "Sorry, I didn't hear clearly. \ubbf8\uc548\ud558\uc9c0\ub9cc \uc798 \uc548 \ub4e4\ub824\uc694",
        "100": "That means friend. \uc774\uac8c \uce5c\uad6c\uc608\uc694",
        "103": "That's wrong. \ud2c0\ub838\uc5b4\uc694",
        "106": "Try to say it. \ub9d0 \ud574 \ubcf4\uc138\uc694",
        "109": "What does this mean? \uc774\uac8c \ubb34\uc2a8 \uc18c\ub9ac\uc608\uc694?",
        "112": "What does this say? \uc774\uac8c \ubb34\uc2a8 \ub73b \uc774\uc5d0\uc694?",
        "115": "What does this word mean? \uc774 \ub9d0\uc774 \ubb34\uc2a8 \ub73b\uc774\uc5d0\uc694?",
        "118": "What's the exchange rate? \ud658\uc728\uc774 \uc5b4\ub5bb\uac8c \ub418\uc5b4\uc694?",
        "121": "Whose book is that? \ub204\uad6c \ucc45\uc774\uc5d0\uc694?",
        "124": "Why aren't you going? \uac00\uc9c0 \uadf8\ub7ec\uc138\uc694?",
        "127": "Why are you laughing? \uc65c \uc6c3\uc73c\uc138\uc694?",
        "130": "Why did you do that? \uc65c \uadf8\ub7ec\uc168\uc5b4\uc694?"
    },
    "\uc751\uae09 \uc0c1\ud669\uacfc \uac74\uac15": {
        "Link": "http://englishspeak.com/ko/english-phrases?category_key=14",
        "0": "Are you allergic to anything? \uc54c\ub7ec\uc9c0\uac00 \uc788\uc5b4\uc694?",
        "3": "Are you ready? \uc900\ube44 \ub418\uc5c8\uc5b4\uc694?",
        "6": "Call me. \uc804\ud654\ud558\uc138\uc694",
        "9": "Did you send me flowers? \ub098\ud55c\ud14c \uaf43\uc744 \ubcf4\ub0c8\uc5b4\uc694?",
        "12": "Do you sell batteries? \uc804\uc9c0 \ud314\uc544\uc694?",
        "15": "I don't care. \uc0c1\uad00\uc5c6\uc5b4\uc694",
        "18": "I give up. \ud3ec\uae30\ud574\uc694",
        "21": "I got in an accident. \ucc28 \uc0ac\uace0\uac00 \ub0ac\uc5b4\uc694",
        "24": "I have a cold. \uac10\uae30 \uac78\ub838\uc5b4\uc694",
        "27": "I have one in my car. \uc81c \ucc28\uc5d0 \uc788\uc5b4\uc694",
        "30": "I made this cake. \uc774 \ucf00\uc775\uc744 \ub9cc\ub4e4\uc5c8\uc5b4\uc694",
        "33": "I'm a teacher. \uad50\uc0ac\uc608\uc694",
        "36": "I'm self-employed. \uc790\uc601\uc5c5\uc744 \ud574\uc694",
        "39": "I still have a lot to do. \ud560\uc77c\uc774 \ub9ce\uc544\uc694",
        "42": "I still haven't decided. \uc544\uc9c1 \uacb0\uc815 \ubabb \ud588\uc5b4\uc694",
        "45": "It depends on the weather. \ub0a0\uc528\uc5d0 \ub2ec\ub824\uc788\uc5b4\uc694",
        "48": "It's very cold today. \uc624\ub298 \ub9e4\uc6b0 \ucd94\uc6cc\uc694",
        "51": "My luggage is missing. \ub0b4 \uc9d0\uc774 \uc5c6\uc5b4\uc84c\uc5b4\uc694",
        "54": "My stomach hurts. \uc704\uac00 \uc544\ud30c\uc694",
        "57": "My throat is sore. \ubaa9\uc774 \uc544\ud30c\uc694",
        "60": "My watch has been stolen. \ub0b4 \uc2dc\uacc4\uac00 \ub3c4\ub2e8 \ub2f9\ud588\uc5b4\uc694",
        "63": "Take this medicine. \uc774 \uc57d\uc744 \ub4dc\uc138\uc694",
        "66": "The accident happened at the intersection. \uadf8 \uc0ac\uace0\ub294 \uc0ac\uac70\ub9ac\uc5d0\uc11c \ub0ac\uc5b4\uc694",
        "69": "There has been a car accident. \ucc28 \uc0ac\uace0\uac00 \ub0ac\uc5b4\uc694",
        "72": "Where can I exchange U.S. dollars? \uc5b4\ub514\uc11c \ubbf8\uad6d \ub2ec\ub7ec\ub97c \ubc14\uafc0 \uc218 \uc788\uc5b4\uc694?",
        "75": "Where do you work? \uc5b4\ub514\uc11c \uc77c\ud574\uc694?",
        "78": "Where's the nearest hospital? \uac00\uae4c\uc6b4 \ubcd1\uc6d0\uc774 \uc5b4\ub514\uc5d0 \uc788\uc5b4\uc694?",
        "81": "Where's the post office? \uc6b0\uccb4\uad6d\uc774 \uc5b4\ub514 \uc788\uc5b4\uc694?"
    },
    "\ubb38\ud654\uc801 \ud45c\ud604/\uc6a9\uc5b4\ub4e4": {
        "Link": "http://englishspeak.com/ko/english-phrases?category_key=15"
    },
    "\uc77c\ubc18\uc801\uc778 \uc9c8\ubb38\ub4e4": {
        "Link": "http://englishspeak.com/ko/english-phrases?category_key=16",
        "0": "And you? \ub2f9\uc2e0\uc740\uc694?",
        "3": "Anything else? \ub2e4\ub978\uac83\uc740\uc694",
        "6": "Are they the same? \ub2e4 \uac19\uc544\uc694?",
        "9": "Are you afraid? \ubb34\uc11c\uc6cc\uc694?",
        "12": "Are you going to attend their wedding? \uacb0\ud63c\uc2dd \ucc38\uc11d \ud560 \uac70\uc608\uc694?",
        "15": "Are you married? \uacb0\ud63c \ud588\uc5b4\uc694?",
        "18": "Are you okay? \uad1c\ucc2e\uc544\uc694?",
        "21": "Are you sick? \ubc14\ube60\uc694?",
        "24": "Behind the bank. \uc740\ud589 \ub4a4",
        "27": "Can I borrow some money? \ub3c8 \uc880 \ube4c\ub824 \uc8fc\uc138\uc694",
        "30": "Can I have the bill please? \uacc4\uc0b0\uc11c \uc880 \uc8fc\uc138\uc694",
        "33": "Can you call back later? \ub098\uc911\uc5d0 \uc804\ud654 \ud574 \uc8fc\uc138\uc694",
        "36": "Can you call me back later? \ub098\uc911\uc5d0 \uc804\ud654 \ud574 \uc8fc\uc138\uc694",
        "39": "Can you carry this for me? \uc774\uac83 \uc880 \uac00\uc9c0\uace0 \uac00 \uc8fc\uc138\uc694",
        "42": "Can you fix this? \uc774\uac83 \uc880 \uace0\uccd0 \uc8fc\uc138\uc694",
        "45": "Can you give me an example? \uc608\ub97c \uc880 \ub4e4\uc5b4 \uc8fc\uc138\uc694",
        "48": "Can you speak louder please? \uc880 \ub354 \ud06c\uac8c \uc774\uc57c\uae30 \ud574 \uc8fc\uc138\uc694",
        "51": "Can you swim? \uc218\uc601 \ud560 \uc218 \uc788\uc5b4\uc694?",
        "54": "Does he like the school? \uadf8\uac00 \uc774 \ud559\uad50\ub97c \uc88b\uc544\ud574\uc694?",
        "57": "Do you accept U.S. Dollars? \ubbf8\uad6d \ub3c8\uc744 \ubc1b\uc73c\uc138\uc694?",
        "60": "Do you have a girlfriend? \uc5ec\uc790 \uce5c\uad6c \uc788\uc5b4\uc694?",
        "63": "Do you have an appointment? \uc544\ud30c\ud2b8 \uc788\uc5b4\uc694?",
        "66": "Do you have a problem? \ubb38\uc81c \uc788\uc5b4\uc694?",
        "69": "Do you hear that? \ub4e4\ub824\uc694?",
        "72": "Do you know how to get to the Marriott Hotel? \uba54\ub9ac\uc5b4\ud2b8 \ud638\ud154\uc5d0 \uc5b4\ub5bb\uac8c \uac00\ub294 \uc9c0 \uc54c\uc544\uc694?",
        "75": "Do you know what this means? \ubb34\uc2a8 \ub73b\uc778\uc9c0 \uc54c\uc544\uc694?",
        "78": "Do you know where I can get a taxi? \uc5b4\ub514\uc11c \ud0dd\uc2dc \ud0c8\uc218 \uc788\ub294\uc9c0 \uc54c\uc544\uc694?",
        "81": "Do you know where my glasses are? \uc548\uacbd\uc774 \uc5b4\ub514 \uc788\ub294\uc9c0 \uc54c\uc544\uc694?",
        "84": "Do you like your co-workers? \ub3d9\ub8cc\ub97c \uc88b\uc544\ud574\uc694?",
        "87": "Do you need anything else? \ub2e4\ub978 \uac83 \ud544\uc694\ud55c \uac83 \uc5c6\uc5b4\uc694?",
        "90": "(adsbygoogle = window.adsbygoogle || []).push({});",
        "91": "Do you understand? \uc774\ud574\ud558\uc138\uc694?",
        "94": "Give me the pen. \ud39c \uc880 \uc8fc\uc138\uc694",
        "97": "How do you know? \uc5b4\ub5bb\uac8c \uc54c\uc544\uc694?",
        "100": "How is she? \uadf8\ub140\ub294 \uc5b4\ub5bb\uac8c \uc9c0\ub0b4\uc694?",
        "103": "How long is it? \uc5bc\ub9c8\ub098 \uae38\uc5b4\uc694?",
        "106": "How many? \uba87 \uba85?",
        "109": "How much is it? \uc5bc\ub9c8\uc608\uc694?",
        "112": "I have a lot of things to do. \ud560 \uc77c\uc774 \ub9ce\uc544\uc694",
        "115": "In 30 minutes. \uc0bc\uc2ed\ubd84 \uc548\uc5d0",
        "118": "Is anyone else coming? \ub2e4\ub978 \uc0ac\ub78c\ub3c4 \uc640\uc694?",
        "121": "Is everything ok? \ubaa8\ub450 \uad1c\ucc2e\uc544\uc694?",
        "124": "Is it cold outside? \ubc16\uc5d0 \ucd94\uc6cc\uc694?",
        "127": "Is it far from here? \uc5ec\uae30\uc11c \uba40\uc5b4\uc694?",
        "130": "Is it hot? \ub354\uc6cc\uc694?",
        "133": "Is it raining? \ube44\uac00\uc640\uc694?",
        "136": "Is there anything cheaper? \ub354 \uc2fc\uac70 \uc788\uc5b4\uc694?",
        "139": "Is your son here? \uc544\ub4e4\uc774 \uc5ec\uae30 \uc788\uc5b4\uc694?",
        "142": "Should I wait? \uae30\ub2e4\ub9b4\uae4c\uc694?",
        "145": "The big one or the small one? \ud070\uac70\uc694 \uc544\ub2c8\uba74 \uc791\uc740\uac70\uc694?",
        "148": "The cars are American. \uc774 \ucc28\ub294  \ubbf8\uad6d \ucc28\uc608\uc694",
        "151": "Were there any problems? \ubb34\uc2a8 \ubb38\uc81c \uc788\uc5b4\uc694?",
        "154": "Were you at the library last night? \uc5b4\uc82f\ubc24 \ub3c4\uc11c\uad00\uc5d0 \uc788\uc5c8\uc5b4\uc694?",
        "157": "What are you doing? \uc9c0\uae08 \ubb50 \ud574\uc694?",
        "160": "What are you thinking about? \uc9c0\uae08 \ubb34\uc2a8 \uc0dd\uac01\uc744 \ud574\uc694?",
        "163": "What are you two talking about? \uc9c0\uae08 \ubb34\uc2a8 \uc774\uc57c\uae30\ub97c \ud558\uace0 \uc788\uc5b4\uc694?",
        "166": "What did you do last night? \uc5b4\uc82f\ubc24 \ubb50 \ud588\uc5b4\uc694?",
        "169": "What did you do yesterday? \uc5b4\uc81c \ubb50 \ud588\uc5b4\uc694?",
        "172": "What did you think? \ubb34\uc5c7\uc744 \uc0dd\uac01\ud588\uc5b4\uc694?",
        "175": "What do they study? \uadf8\ub4e4\uc774 \ubb34\uc2a8 \uacf5\ubd80\ub97c \ud574\uc694?",
        "178": "What do you have? \ubb58 \uac00\uc9c0\uace0 \uc788\uc5b4\uc694?",
        "181": "(adsbygoogle = window.adsbygoogle || []).push({});",
        "182": "What do you think? \uc5b4\ub54c\uc694?",
        "185": "What happened? \ubb34\uc2a8 \uc77c\uc774\uc5d0\uc694?",
        "188": "What is it? \uc774\uac8c \ubb50\uc608\uc694?",
        "191": "What is that? \uc800\uac8c \ubb50\uc608\uc694?",
        "194": "What should I wear? \ubb58 \uc785\uc744 \uae4c\uc694?",
        "197": "What's in it? \uc548\uc5d0 \ubb50\uac00 \uc788\uc5b4\uc694?",
        "200": "What's the temperature? \uc628\ub3c4\uac00 \uc5bc\ub9c8\uc608\uc694?",
        "203": "What's this? \uc774\uac8c \ubb50\uc608\uc694?",
        "206": "What's up? \uc660\uc77c\uc774\uc5d0\uc694?",
        "209": "Where are you from? \uc5b4\ub514\uc11c \uc624\uc168\uc5b4\uc694?",
        "212": "Where can I rent a car? \uc5b4\ub514\uc11c \ucc28\ub97c \ube4c\ub9b4 \uc218 \uc788\uc5b4\uc694?",
        "215": "Where did it happen? \uc5b4\ub514\uc11c \ubc1c\uc0dd\ud588\uc5b4\uc694?",
        "218": "Where did you learn it? \uc5b4\ub514\uc11c \uadf8\uac83\uc744 \ubc30\uc6e0\uc5b4\uc694?",
        "221": "Where is he? \uadf8\uac00 \uc5b4\ub514\uc5d0 \uc788\uc5b4\uc694?",
        "224": "Where is he from? \uadf8 \uc0ac\ub78c\uc740 \uc5b4\ub514\uc11c \uc654\uc5b4\uc694?",
        "227": "Which is better, the spaghetti or chicken salad? \uc2a4\ud30c\uac8c\ud2f0\uac00 \ub098\uc544\uc694? \ub2ed \uc0d0\ub7ec\ub4dc\uac00 \ub098\uc544\uc694?",
        "230": "Which one do you want? \uc5b4\ub5a4 \uac83\uc744 \uc6d0\ud574\uc694?",
        "233": "Which one is cheaper? \uc5b4\ub5a4 \uac83\uc774 \ub354 \uc2f8\uc694?",
        "236": "Which one is the best? \uc5b4\ub5a4 \uac83\uc774 \uac00\uc7a5 \uc88b\uc544\uc694?",
        "239": "Which school does he go to? \uadf8 \uc0ac\ub78c\uc740 \uc5b4\ub290 \ud559\uad50\uc5d0 \ub2e4\ub140\uc694?",
        "242": "Who are they? \uadf8 \uc0ac\ub78c\ub4e4\uc774 \ub204\uad6c\uc608\uc694?",
        "245": "Who are you looking for? \ub204\uad6c\ub97c \ucc3e\uc73c\uc138\uc694?",
        "248": "Who is it? (Inquiring about who is on the phone) \ub204\uad6c\uc138\uc694? (\uc804\ud654 \ubc1b\uc558\uc744 \ub54c)",
        "251": "Who's calling? \ub204\uad6c\uc138\uc694?",
        "254": "Who's that man over there? \uc800\uae30 \uc788\ub294 \uc0ac\ub78c\uc774 \ub204\uad6c\uc608\uc694?",
        "257": "Who taught you that? \ub204\uac00 \uadf8\uac83\uc744 \uc774\uc57c\uae30 \ud588\uc5b4\uc694?",
        "260": "Why did you say that? \uc65c \uadf8\ub807\uac8c \uc774\uc57c\uae30 \ud558\uc138\uc694?",
        "263": "Will you pass me the salt please? \uc18c\uae08 \uc880 \uac74\ub124 \uc8fc\uc138\uc694",
        "266": "Will you put this in the car for me? \uc774\uac83\uc744 \ucc28\uc5d0 \ub123\uc5b4 \uc8fc\uc138\uc694",
        "269": "Would you ask him to call me back please? \uadf8 \uc0ac\ub78c\uc5d0\uac8c \ub098\ud55c\ud14c \uc804\ud654\ud558\ub77c\uace0 \uc804\ud574 \uc8fc\uc138\uc694",
        "272": "(adsbygoogle = window.adsbygoogle || []).push({});",
        "273": "Yes. \ub124",
        "276": "You have a very nice car. \ucc28\uac00 \uc544\uc8fc  \uc88b\uc544\uc694",
        "279": "You look like my sister. \ub2f9\uc2e0\uc740 \ub0b4 \uc5ec\ub3d9\uc0dd \ub2ee\uc558\uc5b4\uc694"
    },
    "\uc77c": {
        "Link": "http://englishspeak.com/ko/english-phrases?category_key=17",
        "0": "6 dollars per hour. \ud55c \uc2dc\uac04\uc5d0 \uc721\ubd88",
        "3": "Are you waiting for someone? \ub204\uad6c \uae30\ub2e4\ub824\uc694?",
        "6": "Are you working today? \uc624\ub298 \uc77c\ud574\uc694?",
        "9": "Bring me my shirt please. \ub0b4 \uc154\uce20\ub97c \uac00\uc838\ub2e4 \uc8fc\uc138\uc694",
        "12": "Do you like to watch TV? \ud154\ub808\ube44\uc83c \ubcf4\ub294 \uac83\uc744 \uc88b\uc544\ud574\uc694?",
        "15": "Do you like your boss? \uc0c1\uc0ac\ub97c \uc88b\uc544\ud574\uc694?",
        "18": "Have you finished studying? \uacf5\ubd80 \ub2e4 \ub05d\ub0c8\uc5b4\uc694?",
        "21": "He's an Engineer. \uadf8\ub294 \uc5d4\uc9c0\ub2c8\uc5b4\uc785\ub2c8\ub2e4.",
        "24": "He's very hard working. \uadf8\ub294 \uc544\uc8fc \uc5f4\uc2ec\ud788 \uc77c\ud558\ub294 \uc0ac\ub78c\uc774\uc5d0\uc694",
        "27": "He works at a computer company in New York. \uadf8\ub294 \ub274\uc695\uc5d0 \uc788\ub294 \ucef4\ud478\ud130 \ud68c\uc0ac\uc5d0\uc11c \uc77c\ud574\uc694",
        "30": "How long have you worked here? \uc5bc\ub9c8\ub098 \uc5ec\uae30\uc11c \uc77c\ud588\uc5b4\uc694?",
        "33": "How many hours a week do you work? \uc77c\uc8fc\uc77c\uc5d0 \uba87\uc2dc\uac04 \uc77c\ud574\uc694?",
        "36": "How much money do you have? \uc9c0\uae08 \uc5bc\ub9c8 \uc788\uc5b4\uc694?",
        "39": "How's the weather? \ub0a0\uc528\uac00 \uc5b4\ub54c\uc694?",
        "42": "How was the trip? \uc5ec\ud589\uc774 \uc5b4\ub560\uc5b4\uc694?",
        "45": "I forget. \uc78a\uc5b4\ubc8c\ub838\uc5b4\uc694",
        "48": "I'm good. \uc800\ub294 \uc88b\uc544\uc694",
        "51": "I'm ready. \uc900\ube44 \ub418\uc5c8\uc5b4\uc694?",
        "54": "I still have a lot of things to buy. \uc544\uc9c1 \uc0b4\uac8c \ub9ce\uc544\uc694",
        "57": "I've seen it. \ubcf4\uc558\uc5b4\uc694",
        "60": "What does he do for work? \uadf8 \uc0ac\ub78c\uc740 \ubb34\uc2a8 \uc77c\uc744 \ud574\uc694?",
        "63": "What does your father do for work? \uc544\ubc84\uc9c0\uaed8\uc11c \uc5b4\ub5a4 \uc77c\uc744 \ud558\uc138\uc694?",
        "66": "What do you do for work? \ubb34\uc2a8 \uc77c\uc744 \ud574\uc694?",
        "69": "What do your parents do for work? \ubd80\ubaa8\ub2d8\uc774 \uc5b4\ub5a4 \uc77c\uc744 \ud558\uc138\uc694?",
        "72": "What's the matter? \ubb34\uc2a8 \uc77c\uc774\uc5d0\uc694?",
        "75": "What time do you go to work everyday? \ub9e4\uc77c \uba87\uc2dc\uc5d0 \uc77c\ud558\ub7ec \uac00\uc694?",
        "78": "When do you arrive in the U.S.? \ubbf8\uad6d\uc5d0 \uc5b8\uc81c \ub3c4\ucc29\ud574\uc694?",
        "81": "When do you get off work? \uc77c \uc5b8\uc81c \ub05d\ub098\uc694?",
        "84": "Where did you put it? \uc5b4\ub514\uc5d0 \uadf8\uac83\uc744 \ub450\uc5c8\uc5b4\uc694?",
        "87": "Where does it hurt? \uc5b4\ub514\uac00 \uc544\ud30c\uc694?",
        "90": "(adsbygoogle = window.adsbygoogle || []).push({});",
        "91": "Where do you want to go? \uc5b4\ub514\uc5d0 \uac00\uace0 \uc2f6\uc5b4\uc694?"
    },
    "\ub0a0\uc528": {
        "Link": "http://englishspeak.com/ko/english-phrases?category_key=18",
        "0": "Come here. \uc5ec\uae30\ub85c \uc624\uc138\uc694",
        "3": "Does it often snow in the winter in Massachusetts? \ub9e4\uc0ac\uc2a4\uc138\uce20 \uc8fc\ub294 \uaca8\uc6b8\uc5d0 \uc790\uc8fc \ub208\uc774 \uc640\uc694?",
        "6": "Do you think it'll rain today? \uc624\ub298 \ube44 \uc62c \uac83 \uac19\uc544\uc694?",
        "9": "Do you think it's going to rain tomorrow? \ub0b4\uc77c \ube44\uac00 \uc62c\uae4c\uc694?",
        "12": "How's business? \uc7a5\uc0ac\uac00 \uc798 \ub3fc\uc694?",
        "15": "Is it close? \uac00\uae4c\uc6cc\uc694?",
        "18": "Is it possible? \uac00\ub2a5\ud574\uc694?",
        "21": "Is it ready? \uc900\ube44 \ub418\uc5c8\uc5b4\uc694?",
        "24": "It costs 20 dollars per hour. \ud55c \uc2dc\uac04\uc5d0 \uc774\uc2ed\ubd88\uc774\uc5d0\uc694",
        "27": "It hurts here. \uc5ec\uae30\uac00 \uc544\ud30c\uc694",
        "30": "It's far from here. \uc5ec\uae30\uc11c \uba40\uc5b4\uc694",
        "33": "It's going to be hot today. \uc624\ub298 \ub0a0\uc528\uac00 \ub354\uc6b8\uac70\uc608\uc694",
        "36": "It's north of here. \uc5ec\uae30\uc5d0\uc11c \ubd81\ucabd \ubc29\ud5a5\uc774\uc5d0\uc694",
        "39": "It's over there. \uc800\ucabd\uc774\uc5d0\uc694",
        "42": "It's raining. \ube44\uac00 \uc640\uc694",
        "45": "It's too late. \ub108\ubb34 \ub2a6\uc5b4\uc694",
        "48": "It's very important. \uc544\uc8fc \uc911\uc694\ud574\uc694",
        "51": "It will arrive shortly. \uace7 \ub3c4\ucc29\ud560\uac70\uc608\uc694",
        "54": "The roads are slippery. \uae38\uc774 \ubbf8\ub044\ub7ec\uc6cc\uc694",
        "57": "What's the room rate? \ubc29\uac12\uc774 \uc5bc\ub9c8\uc608\uc694?",
        "60": "What will the weather be like tomorrow? \ub0b4\uc77c \ub0a0\uc528\uac00 \uc5b4\ub5a8\uac00\uc694?"
    },
    "\ub3d9\uc0ac": {
        "Link": "http://englishspeak.com/ko/english-phrases?category_key=19"
    }
}