[
{"Brand": "GIANT", "Details": "Jasmine Fragrant Rice 10kg", "Price": "$14.30"},
{"Brand": "NEW MOON", "Details": "Fragrant Brown Rice 2kg", "Price": "$6.90"},
{"Brand": "HOUSE BRAND", "Details": "Basmati Rice 5kg", "Price": "$19.05"},
{"Brand": "SAN REMO", "Details": "Cous Cous 500g", "Price": "$3.80"},
{"Brand": "ROYAL UMBRELLA", "Details": "Thai Hom Mali Fragrant Rice 5kg", "Price": "$16.20"},
{"Brand": "SONGHE", "Details": "Thai Fragrant Rice 10kg", "Price": "$32.80"},
{"Brand": "GIANT", "Details": "Long Grain White Rice 5kg", "Price": "$5.90"},
{"Brand": "HOUSE BRAND", "Details": "White Ponni Rice 5kg", "Price": "$7.50"},
{"Brand": "GOLDEN PINEAPPLE", "Details": "Thai Fragrant Rice 10kg", "Price": "$25.90"},
{"Brand": "SONGHE", "Details": "Thai Fragrant Rice 5kg", "Price": "$16.90"},
{"Brand": "NATUREL", "Details": "Organic Brown Rice 750g", "Price": "$5.40"},
{"Brand": "GOLDEN PHOENIX", "Details": "Hom Mali Rice 10kg", "Price": "$27.00"},
{"Brand": "NEW MOON", "Details": "Jasmine Fragrant Rice 5kg", "Price": "$8.95"},
{"Brand": "GOLDEN KNIFE", "Details": "Jasmine Fragrant Rice 5kg", "Price": "$8.50"},
{"Brand": "DOUBLE F. K", "Details": "Thai Fragrant Rice 10kg", "Price": "$26.65"},
{"Brand": "ROYAL UMBRELLA", "Details": "New Crop Thai Hom Mali Fragrant Rice 5kg", "Price": "$17.80"},
{"Brand": "JIN HUANG", "Details": " Thai Fragrant Rice 5kg ", "Price": "$12.85"},
{"Brand": "GOLDEN PEONY", "Details": "Thai Hom Mali Rice 5kg", "Price": "$12.80"},
{"Brand": "KANGAROO", "Details": "Australian Calrose White Rice 5kg", "Price": "$13.95"},
{"Brand": "NEW MOON", "Details": "Prem Fragrant Rice 2.5kg", "Price": "$8.20"},
{"Brand": "NEW MOON", "Details": "Premium Fragrant Rice 5kg", "Price": "$16.50"},
{"Brand": "DOUBLE F. K", "Details": "Fragrant Rice 5kg", "Price": "$13.95"},
{"Brand": "GOLDEN EAGLE", "Details": "Thai Fragrant Rice 1kg", "Price": "$3.75"},
{"Brand": "NEW MOON", "Details": "Premium Fragrant Rice - New Crop 5kg", "Price": "$15.95"},
{"Brand": "NEW MOON", "Details": "Premium Red Cargo Rice 2kg", "Price": "$10.50"},
{"Brand": "PADDYKING", "Details": "Premium Red Cargo Rice 1kg", "Price": "$5.00"},
{"Brand": "GOLDEN EAGLE", "Details": "Thai Fragrant White Rice 25kg", "Price": "$64.00"},
{"Brand": "GOLDEN PHOENIX", "Details": "Thai Fragrant Rice 5kg", "Price": "$13.80"},
{"Brand": "GOLDEN PINEAPPLE", "Details": "New Crop Rice 5kg", "Price": "$14.25"},
{"Brand": "NEW MOON", "Details": "Premium Fragrant Rice 1kg", "Price": "$3.70"},
{"Brand": "GOLDEN PEONY", "Details": "Thai Premium Brown Rice 1kg", "Price": "$4.10"},
{"Brand": "NATUREL", "Details": "Organic Brown & Red Rice 2kg", "Price": "$10.80"},
{"Brand": "NEW MOON", "Details": "Thai Jasmine Rice 10kg", "Price": "$26.50"},
{"Brand": "JIN HUANG", "Details": "Fragrant Rice 10kg", "Price": "$25.10"},
{"Brand": "PADDYKING", "Details": "Premium Mixed Jasmine Rice 2.5kg", "Price": "$9.20"},
{"Brand": "HARMUNI", "Details": "Thai Fragrant Rice 5kg", "Price": "$12.20"},
{"Brand": "SONGHE", "Details": "Thai Fragrant Rice 1kg", "Price": "$4.30"},
{"Brand": "GOLDEN PINEAPPLE", "Details": "Thai Fragrant Rice 5kg", "Price": "$13.20"},
{"Brand": "TAJ", "Details": "Basmati Rice 5kg", "Price": "$21.00"},
{"Brand": "ROYAL UMBRELLA", "Details": "Thai Hom Mali Rice 2.5kg", "Price": "$9.40"},
{"Brand": "SONGHE", "Details": "Noble Red Rice 2.5kg", "Price": "$11.90"},
{"Brand": "SONGHE", "Details": "Noble Red Rice 5kg", "Price": "$21.95"},
{"Brand": "SONGHE", "Details": "Thai Fragrant Rice 2.5kg", "Price": "$9.20"},
{"Brand": "NEW MOON", "Details": "Organic Super Rice 1.8kg", "Price": "$11.50"},
{"Brand": "ECOBROWN'S", "Details": "Original Unpolished Brown Rice 5kg", "Price": "$14.50"},
{"Brand": "FLYING MAN", "Details": "Thai Fragrant Brown Rice 2.5kg", "Price": "$11.75"},
{"Brand": "NATUREL", "Details": "Organic Brown Rice 2kg", "Price": "$11.05"},
{"Brand": "GOLDEN ROYAL JEWEL", "Details": "Hommaili Rice 10kg", "Price": "$24.95"},
{"Brand": "GOLDEN ROYAL JEWEL", "Details": "Hommaili Rice 5kg", "Price": "$13.20"},
{"Brand": "GOLDEN WHEEL", "Details": "Thai Fragrant Rice 5kg", "Price": "$9.95"},
{"Brand": "KOALA", "Details": "Japonica Calrose Rice 5kg", "Price": "$11.75"},
{"Brand": "SUPREME GOLD", "Details": "1121 Basmati Rice 5kg", "Price": "$17.90"},
{"Brand": "CAP LAYANG LAYANG", "Details": "Thai Fragrant Rice 7kg", "Price": "$17.20"},
{"Brand": "ECOBROWN'S", "Details": "Gold Mixed Wholegrain Rice 2kg", "Price": "$8.30"},
{"Brand": "ECOBROWN'S", "Details": "Gold Mixed Wholegrain Rice 5kg", "Price": "$17.55"},
{"Brand": "GIANT", "Details": "Jasmine Fragrant Rice 5kg", "Price": "$7.30"},
{"Brand": "GIANT", "Details": "Mixed Brown Rice 2.5kg", "Price": "$7.45"},
{"Brand": "GOLDEN PINEAPPLE", "Details": "Glutinous Rice 2.5kg", "Price": "$7.40"},
{"Brand": "GOLDEN PINEAPPLE", "Details": "Premium Basmati Rice 2.5Kg", "Price": "$9.45"},
{"Brand": "GOLDEN PINEAPPLE", "Details": "Thai Fragrant Rice 2.5kg", "Price": "$7.80"},
{"Brand": "GOLDEN RICE BOX", "Details": "Cambodia Jasmine Rice 5kg", "Price": "$11.80"},
{"Brand": "HOUSE BRAND", "Details": "Basmati Rice 1kg", "Price": "$4.55"},
{"Brand": "INDIA GATE", "Details": "Basmati Rice 1kg", "Price": "$5.75"},
{"Brand": "KANGAROO", "Details": "Low GI Rice 2kg", "Price": "$12.90"},
{"Brand": "MALABAR", "Details": "Basmati Rice 1kg", "Price": "$3.30"},
{"Brand": "NATUREL", "Details": "Organic Brown Gaba & Riceberry Rice 1.80kg", "Price": "$10.80"},
{"Brand": "OKOME", "Details": "Shortgrain Rice 4.5kg", "Price": "$13.05"},
{"Brand": "PADDYGREEN", "Details": "Jasmine Fragrant Rice 5kg", "Price": "$8.80"},
{"Brand": "PADDYGREEN", "Details": "Jasmine Rice 10kg", "Price": "$16.50"},
{"Brand": "PADDYKING", "Details": "Brown Fragrant Jasmine Rice 1kg", "Price": "$4.50"},
{"Brand": "PADDYKING", "Details": "Premium Calrose Rice 5kg", "Price": "$13.95"},
{"Brand": "PADDYKING", "Details": "Thai Hom Mali Brown Jasmine Rice 2.5kg", "Price": "$10.50"},
{"Brand": "PADDYKING", "Details": "Thai Riceberry 1kg", "Price": "$5.95"},
{"Brand": "ROYAL UMBRELLA", "Details": "Thai Hom Mali Fragrant Rice 10kg", "Price": "$31.80"},
{"Brand": "SHOKAKU", "Details": "Japanese Rice 2.5kg", "Price": "$12.10"},
{"Brand": "SONGHE", "Details": "Glutinous Rice 5kg", "Price": "$13.30"},
{"Brand": "SONGHE", "Details": "Mixed Fragrant Rice & Noble Red Rice 2kg", "Price": "$8.50"},
{"Brand": "SONGHE", "Details": "Noble Mixed Brown Rice 1kg", "Price": "$5.35"},
{"Brand": "SONGHE", "Details": "Noble Mixed Brown Rice 5kg", "Price": "$20.95"}
]